,sat_datetime,sat_cv,sat_latitude,sat_longitude,sat_pixel_valid,sat_chlor_a,sat_carbon_phyto,sat_pic,sat_poc,sat_chlor_a_unc,sat_carbon_phyto_unc,PLATFORM_NUMBER,CYCLE_NUMBER
0,2026-02-18 09:44:55+00:00,,64.84247,-4.464646,0.0,,,,,,,1902602,202
1,2026-02-18 11:23:14+00:00,,64.81741,-4.4668674,0.0,,,,,,,1902602,202
2,2026-02-18 12:56:34+00:00,,64.81243,-4.4701333,0.0,,,,,,,1902602,202
3,2026-02-28 10:34:13+00:00,,64.468124,-4.515563,15.0,1.0462154150009155,20.89044189453125,1.5330811947933398e-05,197.199951171875,0.27479681372642517,4.229244709014893,1902602,204
4,2026-02-28 12:12:33+00:00,,64.77596,-4.630725,25.0,0.40548282861709595,11.735716819763184,2.6150391931878403e-05,100.83068084716797,0.0464307926595211,1.6229172945022583,1902602,204
5,2026-02-28 13:50:52+00:00,,64.79644,-4.6772676,0.0,,,,,,,1902602,204
6,2026-03-05 10:12:15+00:00,,64.77316,-4.594018,0.0,,,,,,,1902602,205
7,2026-03-05 11:50:35+00:00,,64.75867,-4.5972695,0.0,,,,,,,1902602,205
8,2026-03-05 13:28:54+00:00,,64.76258,-4.5583353,0.0,,,,,,,1902602,205
9,2026-03-10 09:50:13+00:00,,64.670715,-4.6921086,0.0,,,,,,,1902602,206
10,2026-03-10 11:28:33+00:00,,64.6914,-4.6861806,0.0,,,,,,,1902602,206
11,2026-03-10 13:06:53+00:00,,64.700226,-4.6798286,0.0,,,,,,,1902602,206
12,2026-03-15 11:06:31+00:00,,64.67166,-4.662843,0.0,,,,,,,1902602,207
13,2026-03-15 12:44:50+00:00,,64.664055,-4.6677003,0.0,,,,,,,1902602,207
14,2026-03-25 10:22:14+00:00,,64.6697,-4.7029214,0.0,,,,,,,1902602,209
15,2026-03-25 12:00:34+00:00,,64.64421,-4.7157054,0.0,,,,,,,1902602,209
16,2026-03-25 13:38:53+00:00,,64.64954,-4.687637,0.0,,,,,,,1902602,209
17,2026-03-30 10:00:04+00:00,,64.59018,-4.7389417,0.0,,,,,,,1902602,210
18,2026-03-30 11:38:24+00:00,,64.56879,-4.7516856,0.0,,,,,,,1902602,210
19,2026-03-30 13:11:43+00:00,,64.56138,-4.7663307,0.0,,,,,,,1902602,210
20,2026-04-04 11:16:12+00:00,,64.56464,-4.7537293,0.0,,,,,,,1902602,211
21,2026-04-04 12:49:32+00:00,,64.55154,-4.7765436,0.0,,,,,,,1902602,211
22,2026-04-09 10:53:56+00:00,,64.46379,-4.9348593,21.0,0.27117523550987244,13.33729076385498,3.8331374526023865e-05,73.89994049072266,0.030300049111247063,1.1466010808944702,1902602,212
23,2026-04-09 12:27:15+00:00,,64.44844,-4.946501,13.0,0.2669387757778168,21.294029235839844,5.799780410598032e-05,77.66655731201172,0.031131884083151817,1.519026756286621,1902602,212
24,2026-04-14 10:31:37+00:00,,64.373955,-5.13639,18.0,,,,,,,1902602,213
25,2026-04-14 12:04:57+00:00,,64.360466,-5.155265,9.0,0.4193410277366638,9.904797554016113,2.399832010269165e-05,103.25697326660156,0.04240778833627701,1.1665421724319458,1902602,213
26,2026-04-14 13:43:16+00:00,,64.35798,-5.1100707,0.0,,,,,,,1902602,213
27,2026-04-19 10:09:16+00:00,,64.31347,-5.436884,0.0,,,,,,,1902602,214
28,2026-04-19 11:42:36+00:00,,64.3112,-5.4289026,0.0,,,,,,,1902602,214
29,2026-04-19 13:20:55+00:00,,64.305214,-5.464304,0.0,,,,,,,1902602,214
30,2026-04-24 11:20:36+00:00,,64.32728,-5.5877643,0.0,,,,,,,1902602,215
31,2026-04-24 12:58:55+00:00,,64.3253,-5.610855,0.0,,,,,,,1902602,215
32,2026-04-29 04:35:00+00:00,,64.35204,-5.7297387,0.0,,,,,,,1902602,216
33,2026-04-29 10:58:18+00:00,,64.37021,-5.739119,0.0,,,,,,,1902602,216
34,2026-04-29 12:36:38+00:00,,64.36852,-5.737067,0.0,,,,,,,1902602,216
35,2026-05-04 04:12:40+00:00,,64.41648,-5.7575507,9.0,,,,,,,1902602,217
36,2026-05-04 10:35:58+00:00,,64.388626,-5.764744,0.0,,,,,,,1902602,217
37,2026-05-04 12:14:17+00:00,,64.40635,-5.769488,0.0,,,,,,,1902602,217
38,2026-05-04 13:52:36+00:00,,64.39293,-5.705768,0.0,,,,,,,1902602,217
39,2026-05-09 03:50:16+00:00,,64.438805,-5.749576,25.0,,,,,,,1902602,218
40,2026-05-09 10:13:34+00:00,,64.46313,-5.734833,0.0,,,,,,,1902602,218
41,2026-05-09 11:51:53+00:00,,64.43505,-5.7505674,0.0,,,,,,,1902602,218
42,2026-05-09 13:30:12+00:00,,64.433556,-5.779814,0.0,,,,,,,1902602,218
43,2026-05-14 03:27:49+00:00,,64.4023,-5.819922,25.0,,,,,,,1902602,219
44,2026-05-14 09:51:07+00:00,,64.37924,-5.8436418,10.0,0.4980992376804352,45.136451721191406,0.00019479691400192678,117.8399429321289,0.09762713313102722,2.5481104850769043,1902602,219
45,2026-05-14 11:29:26+00:00,,64.4099,-5.830686,10.0,0.8463358283042908,33.878990173339844,0.00010649766772985458,170.59991455078125,0.05615728721022606,1.0416501760482788,1902602,219
46,2026-05-14 13:07:45+00:00,,64.41677,-5.8133993,3.0,0.9552275538444519,33.16032409667969,0.00010333210229873657,185.5333709716797,0.1027858778834343,1.053437352180481,1902602,219
47,2026-05-19 03:05:20+00:00,,64.3682,-5.8922305,25.0,,,,,,,1902602,220
48,2026-05-19 04:43:39+00:00,,64.33838,-5.8729625,0.0,,,,,,,1902602,220
49,2026-05-19 11:06:56+00:00,,64.36932,-5.8865576,18.0,1.5669649839401245,51.7607421875,0.00013133138418197632,259.5666198730469,0.477464884519577,3.756093740463257,1902602,220
50,2026-05-19 12:45:15+00:00,,64.36761,-5.8826537,0.0,,,,,,,1902602,220
51,2026-05-24 02:42:45+00:00,,64.269424,-5.993955,25.0,,,,,,,1902602,221
52,2026-05-24 04:21:04+00:00,,64.275856,-5.992863,0.0,,,,,,,1902602,221
53,2026-05-24 10:44:22+00:00,,64.25659,-5.989918,18.0,3.0091607570648193,67.99642181396484,0.00012088567018508911,400.26654052734375,0.30526211857795715,4.181933879852295,1902602,221
54,2026-05-24 12:22:41+00:00,,64.27798,-5.981923,25.0,3.6526944637298584,89.78475952148438,0.00013729097554460168,454.835205078125,0.4537733495235443,3.736198902130127,1902602,221
55,2026-05-24 13:56:00+00:00,,64.269684,-6.016777,25.0,3.385512113571167,87.75745391845703,0.00011488712334539741,425.43328857421875,0.7325534820556641,6.742903709411621,1902602,221
56,2026-05-29 02:20:10+00:00,,64.11659,-6.0094213,25.0,,,,,,,1902602,222
57,2026-05-29 03:58:29+00:00,,64.11472,-6.0065775,0.0,,,,,,,1902602,222
58,2026-05-29 10:21:46+00:00,,64.1029,-6.0067153,0.0,,,,,,,1902602,222
59,2026-05-29 12:00:05+00:00,,64.115555,-5.9987698,0.0,,,,,,,1902602,222
60,2026-05-29 13:33:24+00:00,,64.115585,-5.997718,0.0,,,,,,,1902602,222
61,2026-02-18 11:18:14+00:00,,59.933838,-7.424796,0.0,,,,,,,1902637,128
62,2026-02-18 12:56:34+00:00,,59.937416,-7.4251876,0.0,,,,,,,1902637,128
63,2026-02-20 14:06:26+00:00,,59.207058,-44.89559,0.0,,,,,,,1902695,89
64,2026-02-20 15:44:46+00:00,,59.211002,-44.907135,0.0,,,,,,,1902695,89
65,2026-03-01 14:25:48+00:00,,60.2191,-49.102604,0.0,,,,,,,1902695,90
66,2026-03-01 16:04:07+00:00,,60.217762,-49.122585,0.0,,,,,,,1902695,90
67,2026-03-10 14:45:12+00:00,,60.496605,-49.628563,0.0,,,,,,,1902695,91
68,2026-03-10 16:23:32+00:00,,60.50911,-49.641106,0.0,,,,,,,1902695,91
69,2026-03-19 13:26:05+00:00,,61.851456,-51.56715,0.0,,,,,,,1902695,92
70,2026-03-19 15:04:25+00:00,,61.82438,-51.58358,0.0,,,,,,,1902695,92
71,2026-03-19 16:42:44+00:00,,61.827187,-51.602028,0.0,,,,,,,1902695,92
72,2026-03-28 13:45:16+00:00,,61.797405,-52.77059,0.0,,,,,,,1902695,93
73,2026-03-28 15:18:36+00:00,,61.796032,-52.78233,0.0,,,,,,,1902695,93
74,2026-03-28 16:56:55+00:00,,61.79517,-52.839336,0.0,,,,,,,1902695,93
75,2026-04-06 14:04:17+00:00,,61.96322,-53.597908,0.0,,,,,,,1902695,94
76,2026-04-06 15:37:36+00:00,,61.96601,-53.600315,0.0,,,,,,,1902695,94
77,2026-04-15 14:18:08+00:00,,62.205536,-54.043953,0.0,,,,,,,1902695,95
78,2026-04-15 15:56:27+00:00,,62.211395,-54.043198,0.0,,,,,,,1902695,95
79,2026-04-24 14:37:15+00:00,,62.598824,-55.336033,0.0,,,,,,,1902695,96
80,2026-04-24 16:15:34+00:00,,62.611908,-55.326347,0.0,,,,,,,1902695,96
81,2026-05-03 14:56:06+00:00,,62.58847,-55.713596,0.0,,,,,,,1902695,97
82,2026-05-03 16:34:25+00:00,,62.57648,-55.73747,0.0,,,,,,,1902695,97
83,2026-05-12 07:13:07+00:00,,62.34412,-55.901554,25.0,,,,,,,1902695,98
84,2026-05-12 13:36:24+00:00,,62.3309,-55.929325,0.0,,,,,,,1902695,98
85,2026-05-12 15:14:44+00:00,,62.357265,-55.91163,0.0,,,,,,,1902695,98
86,2026-05-12 16:53:03+00:00,,62.363308,-55.935055,0.0,,,,,,,1902695,98
87,2026-05-21 07:31:36+00:00,,62.35572,-57.335026,0.0,,,,,,,1902695,99
88,2026-05-21 13:54:53+00:00,,62.38507,-57.35601,0.0,,,,,,,1902695,99
89,2026-05-21 15:33:12+00:00,,62.37838,-57.34822,0.0,,,,,,,1902695,99
90,2026-05-21 17:06:32+00:00,,62.37886,-57.33446,0.0,,,,,,,1902695,99
91,2026-05-30 06:11:36+00:00,,62.373245,-56.782578,25.0,,,,,,,1902695,100
92,2026-05-30 14:13:12+00:00,,62.36613,-56.79267,0.0,,,,,,,1902695,100
93,2026-05-30 15:46:31+00:00,,62.37965,-56.77741,0.0,,,,,,,1902695,100
94,2026-02-20 12:33:06+00:00,,66.85034,-33.623314,0.0,,,,,,,2901932,114
95,2026-02-20 14:06:26+00:00,,66.60357,-33.57692,0.0,,,,,,,2901932,114
96,2026-02-20 15:44:46+00:00,,66.871475,-33.641533,0.0,,,,,,,2901932,114
97,2026-02-24 14:47:49+00:00,,66.86108,-33.621704,0.0,,,,,,,2901932,117
98,2026-02-25 12:11:06+00:00,,66.84618,-33.632214,0.0,,,,,,,2901932,117
99,2026-02-25 13:44:25+00:00,,66.85903,-33.63404,0.0,,,,,,,2901932,117
100,2026-02-26 11:07:42+00:00,,66.82682,-33.63562,0.0,,,,,,,2901932,118
101,2026-02-26 12:46:01+00:00,,66.8473,-33.64045,0.0,,,,,,,2901932,118
102,2026-02-26 14:19:21+00:00,,66.85001,-33.634106,0.0,,,,,,,2901932,118
103,2026-03-01 11:14:09+00:00,,66.830666,-33.63648,0.0,,,,,,,2901932,120
104,2026-03-01 12:52:28+00:00,,66.865845,-33.634445,0.0,,,,,,,2901932,120
105,2026-03-01 14:25:48+00:00,,66.853355,-33.630966,0.0,,,,,,,2901932,120
106,2026-03-03 12:24:03+00:00,,66.86981,-33.637886,0.0,,,,,,,2901932,121
107,2026-03-03 13:57:23+00:00,,66.856125,-33.64268,0.0,,,,,,,2901932,121
108,2026-03-04 11:20:39+00:00,,66.86806,-33.629456,0.0,,,,,,,2901932,122
109,2026-03-04 12:53:59+00:00,,66.845375,-33.651196,0.0,,,,,,,2901932,122
110,2026-03-04 14:32:18+00:00,,66.849724,-33.637863,0.0,,,,,,,2901932,122
111,2026-03-05 15:07:14+00:00,,66.84438,-33.65573,0.0,,,,,,,2901932,123
112,2026-03-06 12:25:30+00:00,,66.83314,-33.649124,0.0,,,,,,,2901932,123
113,2026-03-08 15:13:41+00:00,,66.83861,-33.65426,0.0,,,,,,,2901932,125
114,2026-03-09 12:31:57+00:00,,66.834625,-33.64188,0.0,,,,,,,2901932,125
115,2026-03-09 14:10:17+00:00,,66.83727,-33.648914,0.0,,,,,,,2901932,125
116,2026-03-10 11:33:33+00:00,,66.83905,-33.644207,0.0,,,,,,,2901932,126
117,2026-03-10 13:06:53+00:00,,66.850296,-33.643284,0.0,,,,,,,2901932,126
118,2026-03-10 14:45:12+00:00,,66.84967,-33.628246,0.0,,,,,,,2901932,126
119,2026-03-11 15:20:08+00:00,,66.845535,-33.636974,0.0,,,,,,,2901932,127
120,2026-03-12 11:05:04+00:00,,66.84853,-33.638462,0.0,,,,,,,2901932,127
121,2026-03-12 12:38:24+00:00,,66.8429,-33.65269,0.0,,,,,,,2901932,127
122,2026-03-12 14:16:44+00:00,,66.83985,-33.638466,0.0,,,,,,,2901932,127
123,2026-03-13 11:35:00+00:00,,66.68984,-33.5786,0.0,,,,,,,2901932,128
124,2026-03-13 13:13:19+00:00,,66.83038,-33.659996,0.0,,,,,,,2901932,128
125,2026-03-13 14:51:39+00:00,,66.82963,-33.666805,0.0,,,,,,,2901932,128
126,2026-03-14 15:26:34+00:00,,66.84152,-33.620155,0.0,,,,,,,2901932,129
127,2026-03-15 11:11:31+00:00,,66.81303,-33.651077,0.0,,,,,,,2901932,129
128,2026-03-15 12:44:50+00:00,,66.83939,-33.658096,0.0,,,,,,,2901932,129
129,2026-03-15 14:23:10+00:00,,66.83823,-33.659096,0.0,,,,,,,2901932,129
130,2026-03-16 11:41:22+00:00,,66.83835,-33.66603,0.0,,,,,,,2901932,130
131,2026-03-16 13:19:41+00:00,,66.84035,-33.656395,0.0,,,,,,,2901932,130
132,2026-03-16 14:58:01+00:00,,66.83414,-33.66629,0.0,,,,,,,2901932,130
133,2026-03-17 15:32:55+00:00,,66.82347,-33.626553,0.0,,,,,,,2901932,131
134,2026-03-18 11:12:51+00:00,,66.810265,-33.62674,0.0,,,,,,,2901932,131
135,2026-03-18 12:51:11+00:00,,66.82563,-33.67148,0.0,,,,,,,2901932,131
136,2026-03-18 14:29:30+00:00,,66.83,-33.668087,0.0,,,,,,,2901932,131
137,2026-03-19 11:47:46+00:00,,66.84792,-33.653122,0.0,,,,,,,2901932,132
138,2026-03-19 13:26:05+00:00,,66.82138,-33.659824,0.0,,,,,,,2901932,132
139,2026-03-19 15:04:25+00:00,,66.82365,-33.672256,0.0,,,,,,,2901932,132
140,2026-03-26 15:52:07+00:00,,66.818375,-33.682022,0.0,,,,,,,2901932,139
141,2026-03-27 11:32:03+00:00,,66.82087,-33.67123,0.0,,,,,,,2901932,139
142,2026-03-27 13:10:22+00:00,,66.82095,-33.660065,0.0,,,,,,,2901932,139
143,2026-03-27 14:48:42+00:00,,66.81081,-33.67991,0.0,,,,,,,2901932,139
144,2026-03-28 12:06:57+00:00,,66.81304,-33.68481,0.0,,,,,,,2901932,140
145,2026-03-28 13:45:16+00:00,,66.817986,-33.66554,0.0,,,,,,,2901932,140
146,2026-03-28 15:23:36+00:00,,66.81329,-33.66307,0.0,,,,,,,2901932,140
147,2026-03-29 15:58:30+00:00,,66.795494,-33.640205,0.0,,,,,,,2901932,141
148,2026-03-30 11:38:24+00:00,,66.8059,-33.676353,0.0,,,,,,,2901932,141
149,2026-03-30 13:16:43+00:00,,66.81463,-33.678818,0.0,,,,,,,2901932,141
150,2026-03-30 14:55:03+00:00,,66.80818,-33.678432,0.0,,,,,,,2901932,141
151,2026-03-31 12:13:18+00:00,,66.81475,-33.682236,0.0,,,,,,,2901932,142
152,2026-03-31 13:51:37+00:00,,66.81618,-33.67329,0.0,,,,,,,2901932,142
153,2026-03-31 15:29:57+00:00,,66.81491,-33.68671,0.0,,,,,,,2901932,142
154,2026-04-02 11:44:45+00:00,,66.80534,-33.676674,0.0,,,,,,,2901932,143
155,2026-04-02 13:23:05+00:00,,66.81026,-33.67014,0.0,,,,,,,2901932,143
156,2026-04-03 12:19:38+00:00,,66.80109,-33.677574,0.0,,,,,,,2901932,144
157,2026-04-03 13:57:58+00:00,,66.80127,-33.681442,0.0,,,,,,,2901932,144
158,2026-04-03 15:31:17+00:00,,66.80595,-33.638557,0.0,,,,,,,2901932,144
159,2026-04-05 11:51:05+00:00,,66.81996,-33.68626,0.0,,,,,,,2901932,145
160,2026-04-05 13:29:25+00:00,,66.80109,-33.693058,0.0,,,,,,,2901932,145
161,2026-04-05 15:02:44+00:00,,66.804825,-33.690445,0.0,,,,,,,2901932,145
162,2026-04-06 12:25:57+00:00,,66.81453,-33.686638,0.0,,,,,,,2901932,146
163,2026-04-06 14:04:17+00:00,,66.799675,-33.69014,0.0,,,,,,,2901932,146
164,2026-04-06 15:37:36+00:00,,66.79554,-33.634804,0.0,,,,,,,2901932,146
165,2026-04-07 14:34:09+00:00,,66.78981,-33.702843,0.0,,,,,,,2901932,147
166,2026-04-08 07:07:24+00:00,,66.78539,-33.688843,15.0,,,,,,,2901932,147
167,2026-04-08 11:57:23+00:00,,66.78641,-33.689537,0.0,,,,,,,2901932,147
168,2026-04-08 13:35:42+00:00,,66.80366,-33.69613,0.0,,,,,,,2901932,147
169,2026-04-09 12:32:15+00:00,,66.80062,-33.69427,0.0,,,,,,,2901932,148
170,2026-04-09 14:05:35+00:00,,66.798004,-33.69226,0.0,,,,,,,2901932,148
171,2026-04-09 15:43:54+00:00,,66.80252,-33.71312,0.0,,,,,,,2901932,148
172,2026-04-10 14:40:27+00:00,,66.80345,-33.682644,0.0,,,,,,,2901932,149
173,2026-04-11 12:03:40+00:00,,66.803665,-33.695435,0.0,,,,,,,2901932,149
174,2026-04-11 13:37:00+00:00,,66.785965,-33.693775,0.0,,,,,,,2901932,149
175,2026-04-12 12:38:32+00:00,,66.78916,-33.694344,0.0,,,,,,,2901932,150
176,2026-04-12 14:11:52+00:00,,66.7949,-33.69563,0.0,,,,,,,2901932,150
177,2026-04-12 15:50:11+00:00,,66.78776,-33.63597,0.0,,,,,,,2901932,150
178,2026-04-13 14:46:44+00:00,,66.79895,-33.684715,0.0,,,,,,,2901932,151
179,2026-04-14 12:09:57+00:00,,66.806915,-33.697433,0.0,,,,,,,2901932,151
180,2026-04-14 13:43:16+00:00,,66.79278,-33.699955,0.0,,,,,,,2901932,151
181,2026-04-15 11:06:29+00:00,,66.76258,-33.712368,0.0,,,,,,,2901932,152
182,2026-04-15 12:44:49+00:00,,66.79479,-33.686325,0.0,,,,,,,2901932,152
183,2026-04-15 14:18:08+00:00,,66.794495,-33.694393,0.0,,,,,,,2901932,152
184,2026-04-16 14:53:00+00:00,,66.786,-33.697636,0.0,,,,,,,2901932,153
185,2026-04-17 12:16:13+00:00,,66.79642,-33.707832,0.0,,,,,,,2901932,153
186,2026-04-17 13:49:32+00:00,,66.79623,-33.70075,0.0,,,,,,,2901932,153
187,2026-04-19 14:59:15+00:00,,66.77896,-33.72623,0.0,,,,,,,2901932,155
188,2026-04-20 12:22:42+00:00,,66.770454,-33.715603,0.0,,,,,,,2901932,155
189,2026-04-20 13:56:01+00:00,,66.78599,-33.69692,0.0,,,,,,,2901932,155
190,2026-04-21 06:29:17+00:00,,66.756004,-33.710236,24.0,,,,,,,2901932,156
191,2026-04-21 11:19:16+00:00,,66.77156,-33.710384,0.0,,,,,,,2901932,156
192,2026-04-21 12:52:35+00:00,,66.78277,-33.71446,0.0,,,,,,,2901932,156
193,2026-04-21 14:30:55+00:00,,66.780396,-33.719753,0.0,,,,,,,2901932,156
194,2026-04-22 15:05:48+00:00,,66.77868,-33.715923,0.0,,,,,,,2901932,157
195,2026-04-23 06:00:44+00:00,,66.79282,-33.722202,24.0,,,,,,,2901932,157
196,2026-04-23 12:24:02+00:00,,66.790985,-33.69627,0.0,,,,,,,2901932,157
197,2026-04-23 14:02:22+00:00,,66.779724,-33.709995,0.0,,,,,,,2901932,157
198,2026-04-24 06:35:37+00:00,,66.76092,-33.715954,0.0,,,,,,,2901932,158
199,2026-04-24 11:25:36+00:00,,66.7886,-33.69753,0.0,,,,,,,2901932,158
200,2026-04-24 12:58:55+00:00,,66.76514,-33.708813,0.0,,,,,,,2901932,158
201,2026-04-24 14:37:15+00:00,,66.764496,-33.72451,0.0,,,,,,,2901932,158
202,2026-04-25 15:12:08+00:00,,66.7713,-33.7418,0.0,,,,,,,2901932,159
203,2026-04-26 06:07:03+00:00,,66.75431,-33.71611,25.0,,,,,,,2901932,159
204,2026-04-26 12:30:21+00:00,,66.76414,-33.72782,0.0,,,,,,,2901932,159
205,2026-04-26 14:08:41+00:00,,66.77152,-33.713436,0.0,,,,,,,2901932,159
206,2026-04-27 06:41:54+00:00,,66.778366,-33.727936,0.0,,,,,,,2901932,160
207,2026-04-27 11:31:53+00:00,,66.77355,-33.71697,0.0,,,,,,,2901932,160
208,2026-04-27 13:05:12+00:00,,66.78231,-33.718075,0.0,,,,,,,2901932,160
209,2026-04-27 14:43:32+00:00,,66.77038,-33.726776,0.0,,,,,,,2901932,160
210,2026-04-28 15:18:24+00:00,,66.76688,-33.75927,0.0,,,,,,,2901932,161
211,2026-04-29 12:36:38+00:00,,66.765144,-33.73154,0.0,,,,,,,2901932,161
212,2026-04-29 14:14:57+00:00,,66.76719,-33.71471,0.0,,,,,,,2901932,161
213,2026-05-02 06:19:36+00:00,,66.77005,-33.716953,0.0,,,,,,,2901932,163
214,2026-05-02 11:09:35+00:00,,66.74994,-33.714096,0.0,,,,,,,2901932,163
215,2026-05-02 12:42:55+00:00,,66.75941,-33.731396,0.0,,,,,,,2901932,163
216,2026-05-02 14:21:14+00:00,,66.76599,-33.724228,0.0,,,,,,,2901932,163
217,2026-05-04 15:30:56+00:00,,66.76601,-33.713593,0.0,,,,,,,2901932,169
218,2026-05-05 06:25:50+00:00,,66.74665,-33.72353,0.0,,,,,,,2901932,169
219,2026-05-05 11:15:49+00:00,,66.765305,-33.7269,0.0,,,,,,,2901932,169
220,2026-05-05 12:49:08+00:00,,66.76971,-33.72178,0.0,,,,,,,2901932,169
221,2026-05-05 14:27:27+00:00,,66.764885,-33.725002,0.0,,,,,,,2901932,169
222,2026-05-06 07:00:41+00:00,,66.78093,-33.73867,0.0,,,,,,,2901932,170
223,2026-05-06 11:45:40+00:00,,66.7756,-33.728226,0.0,,,,,,,2901932,170
224,2026-05-06 13:23:59+00:00,,66.75902,-33.727345,0.0,,,,,,,2901932,170
225,2026-05-06 15:02:19+00:00,,66.77033,-33.711483,0.0,,,,,,,2901932,170
226,2026-05-07 15:37:09+00:00,,66.754555,-33.678707,0.0,,,,,,,2901932,171
227,2026-05-08 04:53:45+00:00,,66.75719,-33.72732,25.0,,,,,,,2901932,171
228,2026-05-08 06:32:04+00:00,,66.78203,-33.729507,0.0,,,,,,,2901932,171
229,2026-05-08 11:17:02+00:00,,66.747856,-33.738506,0.0,,,,,,,2901932,171
230,2026-05-08 12:55:22+00:00,,66.764656,-33.71913,0.0,,,,,,,2901932,171
231,2026-05-08 14:33:41+00:00,,66.75007,-33.741016,0.0,,,,,,,2901932,171
232,2026-05-09 05:28:35+00:00,,66.76363,-33.742157,25.0,,,,,,,2901932,172
233,2026-05-09 07:06:55+00:00,,66.77528,-33.748573,0.0,,,,,,,2901932,172
234,2026-05-09 11:51:53+00:00,,66.76494,-33.737442,0.0,,,,,,,2901932,172
235,2026-05-09 13:30:12+00:00,,66.75635,-33.737953,0.0,,,,,,,2901932,172
236,2026-05-09 15:08:31+00:00,,66.76654,-33.708088,0.0,,,,,,,2901932,172
237,2026-05-10 15:43:22+00:00,,66.755875,-33.708134,0.0,,,,,,,2901932,173
238,2026-05-11 04:59:57+00:00,,66.76051,-33.731934,25.0,,,,,,,2901932,173
239,2026-05-11 06:38:17+00:00,,66.76791,-33.750973,0.0,,,,,,,2901932,173
240,2026-05-11 11:23:15+00:00,,66.76069,-33.74404,0.0,,,,,,,2901932,173
241,2026-05-11 13:01:34+00:00,,66.74636,-33.73533,0.0,,,,,,,2901932,173
242,2026-05-12 03:56:28+00:00,,66.75575,-33.734787,25.0,,,,,,,2901932,174
243,2026-05-12 05:34:48+00:00,,66.760475,-33.74951,0.0,,,,,,,2901932,174
244,2026-05-12 11:58:05+00:00,,66.7501,-33.730396,0.0,,,,,,,2901932,174
245,2026-05-12 13:36:24+00:00,,66.74606,-33.736263,0.0,,,,,,,2901932,174
246,2026-05-12 15:14:44+00:00,,66.750374,-33.75251,0.0,,,,,,,2901932,174
247,2026-05-13 15:49:34+00:00,,66.74433,-33.708237,0.0,,,,,,,2901932,175
248,2026-05-14 03:27:49+00:00,,66.74559,-33.736473,25.0,,,,,,,2901932,175
249,2026-05-14 05:06:08+00:00,,66.752266,-33.736958,25.0,,,,,,,2901932,175
250,2026-05-14 06:44:28+00:00,,66.77358,-33.75474,0.0,,,,,,,2901932,175
251,2026-05-14 11:29:26+00:00,,66.73511,-33.75071,0.0,,,,,,,2901932,175
252,2026-05-14 13:07:45+00:00,,66.7518,-33.744797,0.0,,,,,,,2901932,175
253,2026-05-15 04:02:39+00:00,,66.75843,-33.746113,25.0,,,,,,,2901932,176
254,2026-05-15 05:40:58+00:00,,66.755585,-33.73584,0.0,,,,,,,2901932,176
255,2026-05-15 12:04:16+00:00,,66.73902,-33.738,0.0,,,,,,,2901932,176
256,2026-05-15 13:42:35+00:00,,66.7433,-33.745163,0.0,,,,,,,2901932,176
257,2026-05-15 15:20:54+00:00,,66.742645,-33.716576,0.0,,,,,,,2901932,176
258,2026-05-17 03:33:59+00:00,,66.73841,-33.789467,25.0,,,,,,,2901932,177
259,2026-05-17 05:12:18+00:00,,66.74243,-33.777287,0.0,,,,,,,2901932,177
260,2026-05-17 06:50:38+00:00,,66.73388,-33.76689,0.0,,,,,,,2901932,177
261,2026-05-17 11:35:36+00:00,,66.736984,-33.767998,0.0,,,,,,,2901932,177
262,2026-05-17 13:13:55+00:00,,66.73785,-33.77098,0.0,,,,,,,2901932,177
263,2026-05-18 02:30:30+00:00,,66.737434,-33.743996,25.0,,,,,,,2901932,178
264,2026-05-18 04:08:49+00:00,,66.71993,-33.802216,25.0,,,,,,,2901932,178
265,2026-05-18 05:47:09+00:00,,66.71726,-33.788464,0.0,,,,,,,2901932,178
266,2026-05-18 12:10:26+00:00,,66.74041,-33.794456,0.0,,,,,,,2901932,178
267,2026-05-18 13:48:45+00:00,,66.71402,-33.796406,0.0,,,,,,,2901932,178
268,2026-05-18 15:27:04+00:00,,66.71868,-33.77227,0.0,,,,,,,2901932,178
269,2026-05-19 14:23:34+00:00,,66.71573,-33.82058,0.0,,,,,,,2901932,179
270,2026-05-20 03:40:09+00:00,,66.70899,-33.818417,25.0,,,,,,,2901932,179
271,2026-05-20 05:18:28+00:00,,66.69992,-33.829006,0.0,,,,,,,2901932,179
272,2026-05-20 06:56:47+00:00,,66.71208,-33.81622,0.0,,,,,,,2901932,179
273,2026-05-20 11:41:45+00:00,,66.71458,-33.830353,0.0,,,,,,,2901932,179
274,2026-05-20 13:20:04+00:00,,66.71425,-33.820683,0.0,,,,,,,2901932,179
275,2026-05-21 02:36:38+00:00,,66.692505,-33.866497,25.0,,,,,,,2901932,180
276,2026-05-21 04:14:58+00:00,,66.69211,-33.84543,25.0,,,,,,,2901932,180
277,2026-05-21 05:53:17+00:00,,66.68684,-33.84712,0.0,,,,,,,2901932,180
278,2026-05-21 12:16:34+00:00,,66.69363,-33.85455,0.0,,,,,,,2901932,180
279,2026-05-21 13:54:53+00:00,,66.696396,-33.84512,1.0,0.19082409143447876,62.315303802490234,0.0003139972686767578,83.7998046875,0.017754854634404182,4.458891868591309,2901932,180
280,2026-05-21 15:33:12+00:00,,66.69942,-33.868244,0.0,,,,,,,2901932,180
281,2026-05-23 03:46:16+00:00,,66.70029,-33.885403,25.0,,,,,,,2901932,181
282,2026-05-23 05:24:35+00:00,,66.695526,-33.87727,0.0,,,,,,,2901932,181
283,2026-05-23 07:02:54+00:00,,66.716064,-33.88888,0.0,,,,,,,2901932,181
284,2026-05-23 11:47:52+00:00,,66.70416,-33.87486,0.0,,,,,,,2901932,181
285,2026-05-23 13:26:11+00:00,,66.691696,-33.87234,0.0,,,,,,,2901932,181
286,2026-05-24 02:42:45+00:00,,66.68766,-33.89903,24.0,,,,,,,2901932,182
287,2026-05-24 04:21:04+00:00,,66.68973,-33.86165,25.0,,,,,,,2901932,182
288,2026-05-24 05:59:24+00:00,,66.68668,-33.87063,0.0,,,,,,,2901932,182
289,2026-05-24 12:22:41+00:00,,66.69712,-33.864468,0.0,,,,,,,2901932,182
290,2026-05-24 14:01:00+00:00,,66.69795,-33.862164,0.0,,,,,,,2901932,182
291,2026-05-24 15:39:19+00:00,,66.69522,-33.81048,0.0,,,,,,,2901932,182
292,2026-05-25 14:35:50+00:00,,66.69384,-33.865967,0.0,,,,,,,2901932,183
293,2026-05-26 03:52:24+00:00,,66.698524,-33.878494,25.0,,,,,,,2901932,183
294,2026-05-26 05:30:43+00:00,,66.6971,-33.876633,0.0,,,,,,,2901932,183
295,2026-05-26 07:09:02+00:00,,66.70623,-33.883232,0.0,,,,,,,2901932,183
296,2026-05-26 11:54:00+00:00,,66.68968,-33.87831,0.0,,,,,,,2901932,183
297,2026-05-26 13:32:19+00:00,,66.68539,-33.880146,0.0,,,,,,,2901932,183
298,2026-05-27 02:48:53+00:00,,66.6923,-33.874317,25.0,,,,,,,2901932,184
299,2026-05-27 04:27:12+00:00,,66.69683,-33.862823,25.0,,,,,,,2901932,184
300,2026-05-27 06:05:31+00:00,,66.67826,-33.859913,0.0,,,,,,,2901932,184
301,2026-05-27 12:28:48+00:00,,66.70562,-33.85052,0.0,,,,,,,2901932,184
302,2026-05-27 14:07:08+00:00,,66.69958,-33.85812,0.0,,,,,,,2901932,184
303,2026-05-27 15:45:27+00:00,,66.68611,-33.81707,0.0,,,,,,,2901932,184
304,2026-05-28 14:41:56+00:00,,66.64903,-33.922768,0.0,,,,,,,2901932,185
305,2026-05-29 02:20:10+00:00,,66.63138,-33.95462,21.0,,,,,,,2901932,185
306,2026-05-29 03:58:29+00:00,,66.64877,-33.90755,25.0,,,,,,,2901932,185
307,2026-05-29 05:36:48+00:00,,66.66345,-33.91228,0.0,,,,,,,2901932,185
308,2026-05-29 12:00:05+00:00,,66.640236,-33.91165,1.0,0.7146334052085876,71.84938049316406,0.00044399499893188477,151.60009765625,0.10413087159395218,6.595063209533691,2901932,185
309,2026-05-29 13:38:24+00:00,,66.65512,-33.912373,1.0,0.9288052320480347,67.75386047363281,0.00034599751234054565,182.0,0.12755416333675385,4.834568023681641,2901932,185
310,2026-02-25 12:06:06+00:00,,54.69367,-19.408775,0.0,,,,,,,3901580,118
311,2026-02-25 13:44:25+00:00,,54.668545,-19.436928,0.0,,,,,,,3901580,118
312,2026-03-07 13:00:26+00:00,,54.885735,-19.234533,0.0,,,,,,,3901580,119
313,2026-03-07 14:33:45+00:00,,54.881733,-19.219559,1.0,0.33801934123039246,15.026113510131836,2.5995075702667236e-05,92.19970703125,0.11646244674921036,2.724933624267578,3901580,119
314,2026-03-17 12:16:16+00:00,,55.915615,-18.908781,0.0,,,,,,,3901580,120
315,2026-03-17 13:49:36+00:00,,55.913296,-18.917816,0.0,,,,,,,3901580,120
316,2026-03-27 13:05:22+00:00,,56.058266,-18.956291,0.0,,,,,,,3901580,121
317,2026-03-27 14:43:42+00:00,,56.062565,-18.95272,0.0,,,,,,,3901580,121
318,2026-04-06 12:20:57+00:00,,56.186176,-19.330704,0.0,,,,,,,3901580,122
319,2026-04-06 13:59:17+00:00,,56.19423,-19.327452,0.0,,,,,,,3901580,122
320,2026-04-16 13:14:40+00:00,,56.67186,-20.292147,0.0,,,,,,,3901580,123
321,2026-04-16 14:53:00+00:00,,56.673428,-20.289383,1.0,0.2736588716506958,17.293622970581055,3.600120544433594e-05,78.0,0.050797238945961,1.5540902614593506,3901580,123
322,2026-04-26 12:30:21+00:00,,56.932423,-20.717451,0.0,,,,,,,3901580,124
323,2026-04-26 14:03:41+00:00,,56.718815,-20.711315,0.0,,,,,,,3901580,124
324,2026-05-06 13:18:59+00:00,,57.121563,-20.699017,0.0,,,,,,,3901580,125
325,2026-05-26 13:27:19+00:00,,56.600624,-22.91475,0.0,,,,,,,3901580,127
326,2026-02-24 13:09:30+00:00,,48.86274,-23.375395,0.0,,,,,,,3901582,99
327,2026-02-24 14:42:49+00:00,,48.87499,-23.373337,0.0,,,,,,,3901582,99
328,2026-03-06 13:58:50+00:00,,49.056595,-23.255531,0.0,,,,,,,3901582,100
329,2026-03-16 13:14:41+00:00,,48.98539,-23.031097,0.0,,,,,,,3901582,101
330,2026-03-16 14:53:01+00:00,,48.989765,-23.003021,0.0,,,,,,,3901582,101
331,2026-03-26 14:08:48+00:00,,48.719654,-23.391462,0.0,,,,,,,3901582,102
332,2026-04-05 13:24:25+00:00,,48.72223,-23.672663,0.0,,,,,,,3901582,103
333,2026-04-05 14:57:44+00:00,,48.71727,-23.662363,0.0,,,,,,,3901582,103
334,2026-04-15 12:39:49+00:00,,48.94018,-23.817558,0.0,,,,,,,3901582,104
335,2026-04-15 14:13:08+00:00,,48.96009,-23.813662,0.0,,,,,,,3901582,104
336,2026-04-25 13:28:48+00:00,,49.4061,-23.970963,0.0,,,,,,,3901582,105
337,2026-05-05 12:44:08+00:00,,49.710766,-24.392538,0.0,,,,,,,3901582,106
338,2026-05-05 14:22:27+00:00,,49.70845,-24.389584,0.0,,,,,,,3901582,106
339,2026-05-15 13:37:35+00:00,,50.19894,-24.795443,0.0,,,,,,,3901582,107
340,2026-05-25 12:52:31+00:00,,50.715816,-24.502304,0.0,,,,,,,3901582,108
341,2026-05-25 14:30:50+00:00,,50.72662,-24.503307,0.0,,,,,,,3901582,108
342,2026-02-25 13:44:25+00:00,,53.4178,-23.74426,0.0,,,,,,,3901583,102
343,2026-03-07 13:00:26+00:00,,53.501343,-24.287363,0.0,,,,,,,3901583,103
344,2026-03-07 14:33:45+00:00,,53.501286,-24.30122,0.0,,,,,,,3901583,103
345,2026-03-17 13:49:36+00:00,,53.193916,-24.844759,7.0,0.16735287010669708,23.189971923828125,6.499886512756348e-05,56.39982223510742,0.016647398471832275,1.7146549224853516,3901583,104
346,2026-03-27 13:05:22+00:00,,52.86956,-26.352968,0.0,,,,,,,3901583,105
347,2026-03-27 14:43:42+00:00,,52.88633,-26.339258,0.0,,,,,,,3901583,105
348,2026-04-06 13:59:17+00:00,,53.748184,-26.882416,0.0,,,,,,,3901583,106
349,2026-04-16 13:14:40+00:00,,53.77865,-25.757988,0.0,,,,,,,3901583,107
350,2026-04-16 14:53:00+00:00,,53.783318,-25.764187,0.0,,,,,,,3901583,107
351,2026-04-26 12:30:21+00:00,,53.05016,-25.386826,0.0,,,,,,,3901583,108
352,2026-04-26 14:03:41+00:00,,53.06278,-25.379217,0.0,,,,,,,3901583,108
353,2026-05-06 13:18:59+00:00,,52.91594,-26.215473,0.0,,,,,,,3901583,109
354,2026-05-06 14:57:19+00:00,,52.91937,-26.200726,0.0,,,,,,,3901583,109
355,2026-05-26 13:27:19+00:00,,53.252895,-26.620226,0.0,,,,,,,3901583,111
356,2026-05-26 15:05:39+00:00,,53.259613,-26.63704,0.0,,,,,,,3901583,111
357,2026-05-26 13:27:19+00:00,,45.063126,-30.648296,0.0,,,,,,,3901584,112
358,2026-05-26 15:00:39+00:00,,45.062695,-30.646387,0.0,,,,,,,3901584,112
359,2026-02-25 13:44:25+00:00,,62.716434,-39.326904,0.0,,,,,,,3901586,119
360,2026-02-25 15:22:45+00:00,,62.71015,-39.343533,0.0,,,,,,,3901586,119
361,2026-03-07 13:00:26+00:00,,61.9539,-39.595497,0.0,,,,,,,3901586,120
362,2026-03-07 14:38:45+00:00,,61.955406,-39.598476,0.0,,,,,,,3901586,120
363,2026-03-07 16:17:05+00:00,,61.990993,-39.839245,0.0,,,,,,,3901586,120
364,2026-03-17 13:54:36+00:00,,61.074066,-40.92667,0.0,,,,,,,3901586,121
365,2026-03-17 15:32:55+00:00,,61.08839,-40.90701,25.0,0.27655932307243347,12.294938087463379,3.212364390492439e-05,73.22488403320312,0.03737473487854004,1.571333408355713,3901586,121
366,2026-03-27 13:10:22+00:00,,59.66544,-42.068623,0.0,,,,,,,3901586,122
367,2026-03-27 14:43:42+00:00,,59.64982,-42.085724,0.0,,,,,,,3901586,122
368,2026-03-27 16:22:01+00:00,,59.647335,-42.152664,0.0,,,,,,,3901586,122
369,2026-04-06 13:59:17+00:00,,59.339714,-44.161983,17.0,0.3480517268180847,20.233381271362305,5.908920138608664e-05,90.38170623779297,0.029993923380970955,1.0336226224899292,3901586,123
370,2026-04-06 15:37:36+00:00,,59.33219,-44.161774,19.0,0.3689361810684204,18.425697326660156,4.6458953875117004e-05,94.06140899658203,0.029043598100543022,1.0819745063781738,3901586,123
371,2026-04-15 14:18:08+00:00,,60.35495,-48.43364,0.0,,,,,,,3901586,124
372,2026-04-15 15:56:27+00:00,,60.35754,-48.428837,0.0,,,,,,,3901586,124
373,2026-04-25 13:33:48+00:00,,61.64795,-51.168922,0.0,,,,,,,3901586,125
374,2026-04-25 15:12:08+00:00,,61.677002,-51.153534,0.0,,,,,,,3901586,125
375,2026-04-25 16:50:27+00:00,,61.673363,-51.141342,0.0,,,,,,,3901586,125
376,2026-05-05 14:27:27+00:00,,61.258083,-52.33152,0.0,,,,,,,3901586,126
377,2026-05-05 16:05:47+00:00,,61.254314,-52.3483,0.0,,,,,,,3901586,126
378,2026-05-15 07:19:18+00:00,,61.801277,-54.12129,0.0,,,,,,,3901586,127
379,2026-05-15 13:42:35+00:00,,61.824806,-54.132782,0.0,,,,,,,3901586,127
380,2026-05-15 15:20:54+00:00,,61.81991,-54.133595,0.0,,,,,,,3901586,127
381,2026-05-15 16:54:13+00:00,,61.81562,-54.172424,0.0,,,,,,,3901586,127
382,2026-05-25 06:34:14+00:00,,60.930862,-53.7324,25.0,,,,,,,3901586,128
383,2026-05-25 14:35:50+00:00,,60.922054,-53.733425,0.0,,,,,,,3901586,128
384,2026-05-25 16:09:09+00:00,,60.92386,-53.750736,0.0,,,,,,,3901586,128
385,2026-02-20 12:28:06+00:00,,57.60436,-30.650194,0.0,,,,,,,3902258,59
386,2026-02-20 14:06:26+00:00,,57.59474,-30.658545,0.0,,,,,,,3902258,59
387,2026-03-12 12:38:24+00:00,,57.955185,-30.891085,0.0,,,,,,,3902258,61
388,2026-03-12 14:16:44+00:00,,57.936054,-30.911114,0.0,,,,,,,3902258,61
389,2026-03-22 13:27:29+00:00,,57.688877,-30.9168,0.0,,,,,,,3902258,62
390,2026-03-22 15:05:48+00:00,,57.696163,-30.926329,0.0,,,,,,,3902258,62
391,2026-04-01 12:43:11+00:00,,57.75817,-29.05153,0.0,,,,,,,3902258,63
392,2026-04-01 14:21:31+00:00,,57.781075,-29.024088,0.0,,,,,,,3902258,63
393,2026-04-11 13:37:00+00:00,,58.152435,-28.524824,0.0,,,,,,,3902258,64
394,2026-04-11 15:15:19+00:00,,58.146183,-28.534061,5.0,0.240838885307312,11.371846199035645,2.399583718215581e-05,63.59993362426758,0.0392119437456131,1.5160703659057617,3902258,64
395,2026-04-21 12:52:35+00:00,,58.21799,-27.926594,0.0,,,,,,,3902258,65
396,2026-04-21 14:30:55+00:00,,58.233738,-27.906548,0.0,,,,,,,3902258,65
397,2026-05-01 13:46:22+00:00,,58.344875,-28.159468,0.0,,,,,,,3902258,66
398,2026-05-01 15:19:41+00:00,,58.32922,-28.120008,0.0,,,,,,,3902258,66
399,2026-05-11 14:34:54+00:00,,58.255703,-28.400373,25.0,0.6026443839073181,30.7646541595459,8.399831131100655e-05,134.33740234375,0.04743722826242447,1.4694139957427979,3902258,67
400,2026-05-22 12:46:23+00:00,,58.608723,-28.278177,0.0,,,,,,,3902258,68
401,2026-05-22 14:24:42+00:00,,58.59275,-28.288347,0.0,,,,,,,3902258,68
402,2026-06-01 13:39:28+00:00,,58.608906,-27.830286,0.0,,,,,,,3902258,69
403,2026-06-01 15:17:47+00:00,,58.617645,-27.877916,0.0,,,,,,,3902258,69
404,2026-02-26 12:41:01+00:00,,62.981228,-24.014708,0.0,,,,,,,3902259,60
405,2026-02-26 14:19:21+00:00,,62.981876,-24.026802,0.0,,,,,,,3902259,60
406,2026-03-12 12:38:24+00:00,,62.49093,-21.583399,0.0,,,,,,,3902259,61
407,2026-03-12 14:16:44+00:00,,62.477566,-21.586044,0.0,,,,,,,3902259,61
408,2026-03-22 11:54:09+00:00,,62.306934,-22.897518,0.0,,,,,,,3902259,62
409,2026-03-22 13:32:29+00:00,,62.29486,-22.895176,0.0,,,,,,,3902259,62
410,2026-03-22 15:10:48+00:00,,62.286983,-22.890007,0.0,,,,,,,3902259,62
411,2026-04-01 12:43:11+00:00,,62.048473,-23.888008,0.0,,,,,,,3902259,63
412,2026-04-01 14:21:31+00:00,,62.276066,-23.946037,0.0,,,,,,,3902259,63
413,2026-04-11 11:58:40+00:00,,62.577953,-24.16039,0.0,,,,,,,3902259,64
414,2026-04-11 13:37:00+00:00,,62.58965,-24.158947,0.0,,,,,,,3902259,64
415,2026-04-21 12:52:35+00:00,,62.182693,-23.612146,0.0,,,,,,,3902259,65
416,2026-04-21 14:30:55+00:00,,62.192158,-23.591856,0.0,,,,,,,3902259,65
417,2026-04-22 11:49:09+00:00,,62.157806,-23.61354,0.0,,,,,,,3902259,65
418,2026-05-01 13:46:22+00:00,,61.82875,-24.884514,25.0,0.2807060480117798,18.21571922302246,4.986425119568594e-05,77.86653900146484,0.025023268535733223,1.212883472442627,3902259,66
419,2026-05-02 12:42:55+00:00,,61.827732,-24.899366,0.0,,,,,,,3902259,66
420,2026-05-11 14:34:54+00:00,,61.236897,-26.45116,15.0,0.4313262104988098,19.858524322509766,4.7634272050345317e-05,105.5998764038086,0.03877706080675125,1.3835307359695435,3902259,67
421,2026-05-12 05:34:48+00:00,,61.511124,-26.459633,0.0,,,,,,,3902259,67
422,2026-05-12 11:58:05+00:00,,61.521137,-26.442848,0.0,,,,,,,3902259,67
423,2026-05-12 13:36:24+00:00,,61.506138,-26.45661,0.0,,,,,,,3902259,67
424,2026-05-22 04:49:46+00:00,,61.165287,-27.338354,25.0,,,,,,,3902259,68
425,2026-05-22 12:51:23+00:00,,61.164654,-27.34206,0.0,,,,,,,3902259,68
426,2026-05-22 14:24:42+00:00,,61.176098,-27.323505,0.0,,,,,,,3902259,68
427,2026-06-01 04:04:33+00:00,,61.165417,-27.434692,25.0,,,,,,,3902259,69
428,2026-06-01 12:06:09+00:00,,61.137295,-27.451267,0.0,,,,,,,3902259,69
429,2026-06-01 13:39:28+00:00,,61.16199,-27.427702,0.0,,,,,,,3902259,69
430,2026-06-01 15:17:47+00:00,,61.14646,-27.38816,0.0,,,,,,,3902259,69
431,2026-02-18 12:56:34+00:00,,57.439682,-25.215511,0.0,,,,,,,3902261,58
432,2026-02-18 14:34:54+00:00,,57.432526,-25.22927,0.0,,,,,,,3902261,58
433,2026-02-28 12:12:33+00:00,,57.445335,-25.832607,0.0,,,,,,,3902261,59
434,2026-02-28 13:50:52+00:00,,57.446976,-25.82476,0.0,,,,,,,3902261,59
435,2026-03-10 13:06:53+00:00,,57.36644,-26.72806,0.0,,,,,,,3902261,60
436,2026-03-10 14:45:12+00:00,,57.366024,-26.724676,0.0,,,,,,,3902261,60
437,2026-03-30 13:11:43+00:00,,58.34225,-26.22892,0.0,,,,,,,3902261,62
438,2026-03-30 14:50:03+00:00,,58.34507,-26.19754,0.0,,,,,,,3902261,62
439,2026-04-09 12:27:15+00:00,,58.594555,-25.878695,0.0,,,,,,,3902261,63
440,2026-04-09 14:05:35+00:00,,58.59083,-25.873644,0.0,,,,,,,3902261,63
441,2026-04-19 13:20:55+00:00,,58.466,-24.782297,0.0,,,,,,,3902261,64
442,2026-04-19 14:59:15+00:00,,58.468884,-24.738922,0.0,,,,,,,3902261,64
443,2026-04-29 12:36:38+00:00,,58.39697,-22.474354,0.0,,,,,,,3902261,65
444,2026-04-29 14:14:57+00:00,,58.395874,-22.47211,0.0,,,,,,,3902261,65
445,2026-05-09 11:51:53+00:00,,59.18845,-20.680494,0.0,,,,,,,3902261,66
446,2026-05-09 13:25:12+00:00,,59.166637,-20.695139,0.0,,,,,,,3902261,66
447,2026-05-19 12:45:15+00:00,,60.112007,-21.558449,1.0,0.19126443564891815,32.43095016479492,0.00012199580669403076,68.0,0.017478616908192635,1.8186630010604858,3902261,67
448,2026-05-19 14:18:34+00:00,,60.120377,-21.544523,0.0,,,,,,,3902261,67
449,2026-05-20 11:41:45+00:00,,60.114136,-21.55611,25.0,0.3786576986312866,31.630983352661133,0.00011174799874424934,99.74996948242188,0.07662362605333328,1.7060840129852295,3902261,67
450,2026-05-30 04:33:17+00:00,,60.504448,-19.906147,25.0,,,,,,,3902261,68
451,2026-05-30 12:29:53+00:00,,60.491863,-19.893543,0.0,,,,,,,3902261,68
452,2026-05-30 14:08:12+00:00,,60.500816,-19.887934,0.0,,,,,,,3902261,68
453,2026-02-19 15:09:50+00:00,,54.178883,-47.46857,0.0,,,,,,,3902331,60
454,2026-03-12 14:16:44+00:00,,54.19288,-47.625515,0.0,,,,,,,3902331,62
455,2026-03-12 15:50:03+00:00,,54.188423,-47.627502,0.0,,,,,,,3902331,62
456,2026-03-22 15:05:48+00:00,,54.127438,-47.512928,0.0,,,,,,,3902331,63
457,2026-04-01 14:21:31+00:00,,54.372364,-47.7022,0.0,,,,,,,3902331,64
458,2026-04-01 15:59:50+00:00,,54.379654,-47.697285,0.0,,,,,,,3902331,64
459,2026-04-11 15:15:19+00:00,,54.46983,-47.92296,0.0,,,,,,,3902331,65
460,2026-04-21 14:30:55+00:00,,54.324207,-48.175034,0.0,,,,,,,3902331,66
461,2026-04-21 16:04:14+00:00,,54.3312,-48.186195,0.0,,,,,,,3902331,66
462,2026-05-01 13:46:22+00:00,,54.60889,-47.322433,10.0,0.419070839881897,23.87526512145996,7.032975554466248e-05,104.966552734375,0.11836419254541397,1.375618577003479,3902331,67
463,2026-05-01 15:19:41+00:00,,54.570286,-47.3397,25.0,0.29766735434532166,20.316116333007812,6.23512823949568e-05,82.21171569824219,0.026418406516313553,0.9857159852981567,3902331,67
464,2026-05-11 14:34:54+00:00,,54.62883,-46.676163,25.0,0.5328704714775085,25.557004928588867,8.359750063391402e-05,122.99987030029297,0.024961449205875397,0.8798858523368835,3902331,68
465,2026-05-11 16:13:13+00:00,,54.630962,-46.682343,0.0,,,,,,,3902331,68
466,2026-05-21 13:49:53+00:00,,54.60031,-46.309948,0.0,,,,,,,3902331,69
467,2026-05-21 15:28:12+00:00,,54.609066,-46.298733,0.0,,,,,,,3902331,69
468,2026-05-31 16:21:19+00:00,,54.644615,-46.2511,0.0,,,,,,,3902331,70
469,2026-06-01 13:39:28+00:00,,54.63061,-46.243603,0.0,,,,,,,3902331,70
470,2026-06-01 15:17:47+00:00,,54.635998,-46.24135,0.0,,,,,,,3902331,70
471,2026-02-19 11:53:10+00:00,,54.51685,-15.922646,0.0,,,,,,,3902688,52
472,2026-02-19 13:31:30+00:00,,54.536,-15.909031,0.0,,,,,,,3902688,52
473,2026-02-24 13:09:30+00:00,,54.319042,-15.905164,0.0,,,,,,,3902688,53
474,2026-03-01 12:47:28+00:00,,54.163033,-15.984393,0.0,,,,,,,3902688,54
475,2026-03-01 14:25:48+00:00,,54.16196,-15.953574,0.0,,,,,,,3902688,54
476,2026-03-06 12:25:30+00:00,,54.011654,-16.04618,0.0,,,,,,,3902688,55
477,2026-03-06 13:58:50+00:00,,54.015793,-16.042828,0.0,,,,,,,3902688,55
478,2026-03-11 12:03:29+00:00,,53.935696,-16.040903,0.0,,,,,,,3902688,56
479,2026-03-11 13:36:48+00:00,,53.937454,-16.033213,0.0,,,,,,,3902688,56
480,2026-03-16 13:14:41+00:00,,54.001465,-16.107132,0.0,,,,,,,3902688,57
481,2026-03-26 12:30:28+00:00,,54.07426,-16.351954,0.0,,,,,,,3902688,59
482,2026-03-26 14:08:48+00:00,,54.075844,-16.328989,0.0,,,,,,,3902688,59
483,2026-03-31 12:08:18+00:00,,54.20065,-16.241158,0.0,,,,,,,3902688,60
484,2026-03-31 13:46:37+00:00,,54.222347,-16.2156,0.0,,,,,,,3902688,60
485,2026-04-04 14:27:51+00:00,,54.360878,-16.036465,0.0,,,,,,,3902688,61
486,2026-04-05 11:46:05+00:00,,54.37276,-15.992791,0.0,,,,,,,3902688,61
487,2026-04-05 13:24:25+00:00,,54.351395,-16.017384,0.0,,,,,,,3902688,61
488,2026-04-10 13:02:07+00:00,,54.526237,-15.977334,0.0,,,,,,,3902688,62
489,2026-04-15 12:39:49+00:00,,54.69099,-16.078953,0.0,,,,,,,3902688,63
490,2026-04-15 14:18:08+00:00,,54.680897,-16.111008,0.0,,,,,,,3902688,63
491,2026-04-20 12:17:42+00:00,,55.136093,-15.917536,25.0,0.4801959991455078,15.822258949279785,3.8397807657020167e-05,114.02659606933594,0.036953847855329514,1.113634467124939,3902688,64
492,2026-04-20 13:56:01+00:00,,55.13849,-15.911685,5.0,0.5040111541748047,22.756362915039062,6.266435229917988e-05,118.73307037353516,0.06303396075963974,1.2998526096343994,3902688,64
493,2026-04-24 12:58:55+00:00,,55.17692,-16.499832,0.0,,,,,,,3902688,65
494,2026-04-24 14:32:15+00:00,,55.175446,-16.50731,0.0,,,,,,,3902688,65
495,2026-04-29 12:36:38+00:00,,54.910305,-17.119638,25.0,2.303966522216797,62.445011138916016,0.0001647038443479687,335.75286865234375,0.20434004068374634,2.0919363498687744,3902688,66
496,2026-04-29 14:09:57+00:00,,54.92642,-17.09193,25.0,2.6203629970550537,69.46068572998047,0.0001649978948989883,365.642822265625,0.313164085149765,2.1530308723449707,3902688,66
497,2026-05-03 13:12:46+00:00,,54.845257,-17.526512,10.0,0.6666012406349182,43.330570220947266,0.00018599815666675568,144.2998046875,0.04606914520263672,0.873480498790741,3902688,67
498,2026-05-08 12:50:22+00:00,,54.8022,-17.722103,4.0,0.40346553921699524,34.244285583496094,0.00013799965381622314,102.0,0.054521042853593826,0.94623202085495,3902688,68
499,2026-05-08 14:28:41+00:00,,54.79162,-17.769835,0.0,,,,,,,3902688,68
500,2026-05-12 11:53:05+00:00,,54.915028,-17.679764,0.0,,,,,,,3902688,69
501,2026-05-12 13:31:24+00:00,,54.90484,-17.680601,12.0,0.28916966915130615,35.16969299316406,0.00012644214439205825,87.66655731201172,0.031381893903017044,1.5488367080688477,3902688,69
502,2026-05-17 13:08:55+00:00,,54.870636,-17.81761,0.0,,,,,,,3902688,70
503,2026-05-21 12:11:34+00:00,,54.71972,-18.153147,0.0,,,,,,,3902688,71
504,2026-05-21 13:49:53+00:00,,54.707123,-18.151085,0.0,,,,,,,3902688,71
505,2026-05-26 11:49:00+00:00,,54.65782,-18.178627,0.0,,,,,,,3902688,72
506,2026-05-26 13:27:19+00:00,,54.647366,-18.205866,0.0,,,,,,,3902688,72
507,2026-05-30 12:29:53+00:00,,54.62525,-18.385632,0.0,,,,,,,3902688,73
508,2026-05-30 14:08:12+00:00,,54.617313,-18.406145,0.0,,,,,,,3902688,73
509,2026-04-22 15:00:48+00:00,,45.487774,-43.704758,0.0,,,,,,,4902627,96
510,2026-05-02 14:16:14+00:00,,45.594883,-41.55387,0.0,,,,,,,4902627,97
511,2026-05-02 15:54:33+00:00,,45.581978,-41.581425,0.0,,,,,,,4902627,97
512,2026-03-28 15:18:36+00:00,,53.523586,-49.81821,0.0,,,,,,,4902675,72
513,2026-04-17 15:27:51+00:00,,54.346138,-49.84866,0.0,,,,,,,4902675,74
514,2026-05-06 14:57:19+00:00,,54.883503,-49.26744,0.0,,,,,,,4902675,76
515,2026-05-06 16:35:38+00:00,,54.892754,-49.222534,0.0,,,,,,,4902675,76
516,2026-05-27 14:02:08+00:00,,55.0498,-49.01366,0.0,,,,,,,4902675,78
517,2026-05-27 15:40:27+00:00,,55.02427,-49.04475,0.0,,,,,,,4902675,78
518,2026-02-26 14:14:21+00:00,,45.43099,-35.37149,0.0,,,,,,,4902677,65
519,2026-02-22 15:16:18+00:00,,60.412903,-57.34818,0.0,,,,,,,4902684,166
520,2026-02-22 16:54:37+00:00,,60.411175,-57.35136,0.0,,,,,,,4902684,166
521,2026-02-27 16:32:36+00:00,,60.24298,-56.728733,0.0,,,,,,,4902684,167
522,2026-02-28 13:50:52+00:00,,60.25732,-56.69764,0.0,,,,,,,4902684,167
523,2026-03-05 15:07:14+00:00,,60.403206,-57.035522,0.0,,,,,,,4902684,168
524,2026-03-05 16:45:34+00:00,,60.406147,-57.04918,0.0,,,,,,,4902684,168
525,2026-03-10 14:45:12+00:00,,60.459297,-58.04215,0.0,,,,,,,4902684,169
526,2026-03-10 16:23:32+00:00,,60.45653,-58.04825,0.0,,,,,,,4902684,169
527,2026-03-15 14:23:10+00:00,,60.49571,-58.37097,0.0,,,,,,,4902684,170
528,2026-03-15 16:01:29+00:00,,60.49533,-58.37076,0.0,,,,,,,4902684,170
529,2026-03-25 16:50:32+00:00,,60.34696,-58.527306,0.0,,,,,,,4902684,172
530,2026-03-26 14:13:48+00:00,,60.34301,-58.550438,0.0,,,,,,,4902684,172
531,2026-03-26 15:47:07+00:00,,60.33822,-58.5499,0.0,,,,,,,4902684,172
532,2026-03-31 15:24:57+00:00,,60.312054,-58.318012,0.0,,,,,,,4902684,173
533,2026-03-31 17:03:16+00:00,,60.31114,-58.337997,0.0,,,,,,,4902684,173
534,2026-04-05 15:02:44+00:00,,60.17364,-58.814014,0.0,,,,,,,4902684,174
535,2026-04-05 16:41:04+00:00,,60.15634,-58.82543,0.0,,,,,,,4902684,174
536,2026-04-10 14:40:27+00:00,,60.027306,-58.927273,0.0,,,,,,,4902684,175
537,2026-04-10 16:18:46+00:00,,60.014614,-58.941772,0.0,,,,,,,4902684,175
538,2026-04-15 14:18:08+00:00,,59.6289,-58.54833,0.0,,,,,,,4902684,176
539,2026-04-15 15:56:27+00:00,,59.644054,-58.527122,10.0,0.23919758200645447,19.163143157958984,5.7998298871098086e-05,69.11982727050781,0.02191689796745777,1.222997784614563,4902684,176
540,2026-04-20 17:12:40+00:00,,59.666958,-58.989513,0.0,,,,,,,4902684,177
541,2026-04-21 14:30:55+00:00,,59.64428,-58.95691,0.0,,,,,,,4902684,177
542,2026-04-21 16:09:14+00:00,,59.670673,-58.94308,0.0,,,,,,,4902684,177
543,2026-04-26 14:08:41+00:00,,59.422176,-58.93575,0.0,,,,,,,4902684,178
544,2026-04-26 15:47:00+00:00,,59.403534,-58.94365,0.0,,,,,,,4902684,178
545,2026-04-26 17:25:20+00:00,,59.407,-58.97976,0.0,,,,,,,4902684,178
546,2026-05-01 15:24:41+00:00,,59.190487,-58.89567,0.0,,,,,,,4902684,179
547,2026-05-01 17:03:01+00:00,,59.18987,-58.924675,0.0,,,,,,,4902684,179
548,2026-05-06 15:02:19+00:00,,59.002346,-58.654816,0.0,,,,,,,4902684,180
549,2026-05-06 16:35:38+00:00,,58.996887,-58.654057,0.0,,,,,,,4902684,180
550,2026-05-11 14:39:54+00:00,,58.778687,-57.933,0.0,,,,,,,4902684,181
551,2026-05-11 16:13:13+00:00,,58.77156,-57.93796,0.0,,,,,,,4902684,181
552,2026-05-17 16:25:33+00:00,,58.674786,-57.05693,0.0,,,,,,,4902684,182
553,2026-05-22 16:03:01+00:00,,58.297997,-56.538353,0.0,,,,,,,4902684,183
554,2026-05-27 14:07:08+00:00,,58.145058,-56.664852,0.0,,,,,,,4902684,184
555,2026-05-27 15:40:27+00:00,,58.142136,-56.667416,25.0,1.8714032173156738,41.51185607910156,8.0553611041978e-05,292.2555236816406,0.199471116065979,1.9552541971206665,4902684,184
556,2026-05-27 17:18:46+00:00,,58.143143,-56.619167,5.0,,,,,,,4902684,184
557,2026-06-01 15:17:47+00:00,,58.010674,-56.30334,0.0,,,,,,,4902684,185
558,2026-06-01 16:56:06+00:00,,58.022083,-56.27315,0.0,,,,,,,4902684,185
559,2026-02-22 15:16:18+00:00,,56.48327,-50.87423,0.0,,,,,,,4902685,162
560,2026-02-22 16:54:37+00:00,,56.48098,-50.914883,0.0,,,,,,,4902685,162
561,2026-02-27 14:54:16+00:00,,56.186024,-50.709194,0.0,,,,,,,4902685,163
562,2026-02-27 16:32:36+00:00,,56.17988,-50.738235,0.0,,,,,,,4902685,163
563,2026-03-05 15:07:14+00:00,,56.42273,-50.610092,0.0,,,,,,,4902685,164
564,2026-03-05 16:45:34+00:00,,56.426563,-50.60394,0.0,,,,,,,4902685,164
565,2026-03-10 14:45:12+00:00,,56.41782,-50.813675,0.0,,,,,,,4902685,165
566,2026-03-10 16:18:32+00:00,,56.428623,-50.79185,0.0,,,,,,,4902685,165
567,2026-03-15 14:23:10+00:00,,56.437496,-51.013363,0.0,,,,,,,4902685,166
568,2026-03-15 15:56:29+00:00,,56.438274,-51.010708,0.0,,,,,,,4902685,166
569,2026-03-25 15:12:13+00:00,,56.626797,-51.174015,0.0,,,,,,,4902685,168
570,2026-03-25 16:50:32+00:00,,56.630634,-51.207626,0.0,,,,,,,4902685,168
571,2026-03-26 14:08:48+00:00,,56.646126,-51.157288,0.0,,,,,,,4902685,168
572,2026-03-31 13:46:37+00:00,,56.81832,-51.129017,0.0,,,,,,,4902685,169
573,2026-03-31 15:24:57+00:00,,56.825504,-51.13256,0.0,,,,,,,4902685,169
574,2026-04-05 15:02:44+00:00,,56.778362,-51.097275,0.0,,,,,,,4902685,170
575,2026-04-05 16:41:04+00:00,,56.786926,-51.058723,0.0,,,,,,,4902685,170
576,2026-04-10 14:40:27+00:00,,56.730476,-51.05168,0.0,,,,,,,4902685,171
577,2026-04-10 16:18:46+00:00,,56.741707,-51.028732,0.0,,,,,,,4902685,171
578,2026-04-15 14:18:08+00:00,,56.689907,-51.018246,0.0,,,,,,,4902685,172
579,2026-04-15 15:56:27+00:00,,56.695763,-51.009644,0.0,,,,,,,4902685,172
580,2026-04-21 14:30:55+00:00,,56.657284,-50.970684,0.0,,,,,,,4902685,173
581,2026-04-21 16:09:14+00:00,,56.653984,-50.976185,0.0,,,,,,,4902685,173
582,2026-04-26 14:08:41+00:00,,56.625706,-50.91696,0.0,,,,,,,4902685,174
583,2026-04-26 15:47:00+00:00,,56.622734,-50.91994,0.0,,,,,,,4902685,174
584,2026-05-01 15:19:41+00:00,,56.575764,-50.880432,25.0,0.31226834654808044,13.93004322052002,4.066328256158158e-05,82.70661163330078,0.027056364342570305,0.9344349503517151,4902685,175
585,2026-05-06 14:57:19+00:00,,56.535824,-50.8419,0.0,,,,,,,4902685,176
586,2026-05-06 16:35:38+00:00,,56.541496,-50.863144,0.0,,,,,,,4902685,176
587,2026-05-11 14:34:54+00:00,,56.500977,-50.79063,0.0,,,,,,,4902685,177
588,2026-05-11 16:13:13+00:00,,56.498745,-50.7768,0.0,,,,,,,4902685,177
589,2026-05-17 14:49:17+00:00,,56.4584,-50.761547,0.0,,,,,,,4902685,178
590,2026-05-17 16:25:33+00:00,,56.457123,-50.768917,0.0,,,,,,,4902685,178
591,2026-05-22 14:24:42+00:00,,56.417572,-50.708366,0.0,,,,,,,4902685,179
592,2026-05-22 16:03:01+00:00,,56.41837,-50.706757,0.0,,,,,,,4902685,179
593,2026-05-27 14:02:08+00:00,,56.374344,-50.67797,0.0,,,,,,,4902685,180
594,2026-05-27 15:40:27+00:00,,56.378048,-50.66637,0.0,,,,,,,4902685,180
595,2026-06-01 15:17:47+00:00,,56.61009,-50.598194,0.0,,,,,,,4902685,181
596,2026-06-01 16:56:06+00:00,,56.634087,-50.87525,0.0,,,,,,,4902685,181
597,2026-02-20 14:06:26+00:00,,52.41393,-49.96054,0.0,,,,,,,4902686,147
598,2026-02-20 15:44:46+00:00,,52.43218,-49.935284,0.0,,,,,,,4902686,147
599,2026-02-25 15:22:45+00:00,,52.337086,-49.640114,0.0,,,,,,,4902686,148
600,2026-03-03 15:30:42+00:00,,52.390453,-49.61407,0.0,,,,,,,4902686,149
601,2026-03-08 15:08:41+00:00,,52.025364,-49.600994,0.0,,,,,,,4902686,150
602,2026-03-08 16:47:00+00:00,,52.01622,-49.560726,0.0,,,,,,,4902686,150
603,2026-03-13 14:46:39+00:00,,51.680386,-49.3901,0.0,,,,,,,4902686,151
604,2026-03-13 16:24:59+00:00,,51.677372,-49.40454,0.0,,,,,,,4902686,151
605,2026-03-18 14:24:30+00:00,,51.29835,-48.886055,0.0,,,,,,,4902686,152
606,2026-03-18 16:02:50+00:00,,51.296844,-48.887264,0.0,,,,,,,4902686,152
607,2026-03-23 14:02:24+00:00,,50.94929,-48.354206,0.0,,,,,,,4902686,153
608,2026-03-23 15:40:44+00:00,,50.943054,-48.364895,0.0,,,,,,,4902686,153
609,2026-03-29 14:15:10+00:00,,50.67123,-48.140163,0.0,,,,,,,4902686,154
610,2026-03-29 15:53:30+00:00,,50.67662,-48.121437,0.0,,,,,,,4902686,154
611,2026-04-03 15:31:17+00:00,,50.420124,-48.263153,0.0,,,,,,,4902686,155
612,2026-04-08 15:09:02+00:00,,49.91766,-48.082325,0.0,,,,,,,4902686,156
613,2026-04-13 14:46:44+00:00,,49.601532,-47.726955,0.0,,,,,,,4902686,157
614,2026-04-13 16:20:03+00:00,,49.600353,-47.757366,0.0,,,,,,,4902686,157
615,2026-04-18 15:57:43+00:00,,49.481274,-47.483868,0.0,,,,,,,4902686,158
616,2026-04-24 14:32:15+00:00,,49.46721,-47.278545,0.0,,,,,,,4902686,159
617,2026-04-24 16:10:34+00:00,,49.47506,-47.27113,0.0,,,,,,,4902686,159
618,2026-04-29 14:09:57+00:00,,49.32808,-47.19525,8.0,0.5049557685852051,25.734962463378906,6.966417276998982e-05,118.39998626708984,0.06367447227239609,1.3365145921707153,4902686,160
619,2026-04-29 15:48:16+00:00,,49.33339,-47.18699,25.0,0.5132710933685303,27.341527938842773,8.747099491301924e-05,119.48416900634766,0.04672319069504738,0.9778243899345398,4902686,160
620,2026-05-04 15:25:56+00:00,,49.281628,-47.139954,0.0,,,,,,,4902686,161
621,2026-05-09 15:03:31+00:00,,49.132298,-47.003628,0.0,,,,,,,4902686,162
622,2026-05-14 16:19:24+00:00,,48.878437,-46.70182,25.0,0.9761406779289246,39.10466003417969,0.00010755368566606194,188.35546875,0.10797958821058273,1.420854091644287,4902686,163
623,2026-05-15 15:15:54+00:00,,48.879505,-46.701393,0.0,,,,,,,4902686,163
624,2026-05-20 14:53:24+00:00,,48.981396,-45.86909,0.0,,,,,,,4902686,164
625,2026-05-20 16:31:43+00:00,,48.978615,-45.90313,0.0,,,,,,,4902686,164
626,2026-05-25 14:30:50+00:00,,49.141205,-44.753464,8.0,0.4835146367549896,42.191795349121094,0.00017959772958420217,114.63993835449219,0.04975981265306473,1.4012839794158936,4902686,165
627,2026-05-25 16:09:09+00:00,,49.133472,-44.764038,0.0,,,,,,,4902686,165
628,2026-05-30 14:08:12+00:00,,48.129448,-43.763405,0.0,,,,,,,4902686,166
629,2026-05-30 15:46:31+00:00,,48.14168,-43.752846,0.0,,,,,,,4902686,166
630,2026-02-19 13:31:30+00:00,,58.820065,-47.278503,0.0,,,,,,,4902687,143
631,2026-02-19 15:09:50+00:00,,58.85443,-47.260555,12.0,0.2964479327201843,9.36865234375,2.0797549950657412e-05,77.99980163574219,0.04377954825758934,1.754656434059143,4902687,143
632,2026-02-24 14:47:49+00:00,,58.88236,-47.138866,0.0,,,,,,,4902687,144
633,2026-02-24 16:26:09+00:00,,58.888763,-47.160328,0.0,,,,,,,4902687,144
634,2026-03-01 14:25:48+00:00,,59.02758,-46.95933,0.0,,,,,,,4902687,145
635,2026-03-01 16:04:07+00:00,,59.01959,-46.964653,0.0,,,,,,,4902687,145
636,2026-03-06 14:03:50+00:00,,59.09022,-46.99586,0.0,,,,,,,4902687,146
637,2026-03-06 15:42:10+00:00,,59.089115,-46.992245,0.0,,,,,,,4902687,146
638,2026-03-11 13:41:48+00:00,,59.188255,-47.016144,0.0,,,,,,,4902687,147
639,2026-03-11 15:20:08+00:00,,59.16222,-47.02299,0.0,,,,,,,4902687,147
640,2026-03-16 16:31:20+00:00,,59.12561,-46.976944,0.0,,,,,,,4902687,148
641,2026-03-17 13:54:36+00:00,,59.130325,-47.021545,0.0,,,,,,,4902687,148
642,2026-03-17 15:27:55+00:00,,58.778946,-46.9626,0.0,,,,,,,4902687,148
643,2026-03-22 13:32:29+00:00,,59.101624,-46.990875,0.0,,,,,,,4902687,149
644,2026-03-22 15:05:48+00:00,,59.093777,-47.00654,0.0,,,,,,,4902687,149
645,2026-03-27 14:43:42+00:00,,59.21634,-47.147434,0.0,,,,,,,4902687,150
646,2026-03-27 16:22:01+00:00,,59.20256,-47.19016,0.0,,,,,,,4902687,150
647,2026-04-01 14:21:31+00:00,,59.14341,-47.04928,0.0,,,,,,,4902687,151
648,2026-04-01 15:59:50+00:00,,59.153652,-47.065037,0.0,,,,,,,4902687,151
649,2026-04-06 13:59:17+00:00,,59.09497,-46.938683,0.0,,,,,,,4902687,152
650,2026-04-06 15:37:36+00:00,,59.100456,-46.944344,0.0,,,,,,,4902687,152
651,2026-04-11 13:37:00+00:00,,59.60671,-47.18977,0.0,,,,,,,4902687,153
652,2026-04-11 15:15:19+00:00,,59.59584,-47.18324,0.0,,,,,,,4902687,153
653,2026-04-16 14:53:00+00:00,,60.133865,-48.365673,0.0,,,,,,,4902687,154
654,2026-04-16 16:31:19+00:00,,60.13538,-48.356316,0.0,,,,,,,4902687,154
655,2026-04-21 14:30:55+00:00,,60.553394,-49.736557,0.0,,,,,,,4902687,155
656,2026-04-21 16:09:14+00:00,,60.55844,-49.72421,0.0,,,,,,,4902687,155
657,2026-04-26 14:08:41+00:00,,60.986694,-51.100826,0.0,,,,,,,4902687,156
658,2026-04-26 15:47:00+00:00,,60.981697,-51.10984,0.0,,,,,,,4902687,156
659,2026-05-01 13:46:22+00:00,,61.42071,-52.477505,0.0,,,,,,,4902687,157
660,2026-05-01 15:24:41+00:00,,61.402126,-52.491325,0.0,,,,,,,4902687,157
661,2026-05-01 17:03:01+00:00,,61.39055,-52.456696,0.0,,,,,,,4902687,157
662,2026-05-12 07:13:07+00:00,,60.899124,-54.226746,25.0,,,,,,,4902687,159
663,2026-05-12 13:36:24+00:00,,60.92022,-54.21787,0.0,,,,,,,4902687,159
664,2026-05-12 15:14:44+00:00,,60.904125,-54.226902,0.0,,,,,,,4902687,159
665,2026-05-17 06:50:38+00:00,,61.24317,-55.116882,25.0,,,,,,,4902687,160
666,2026-05-17 16:25:33+00:00,,61.25556,-55.10522,0.0,,,,,,,4902687,160
667,2026-05-22 06:28:06+00:00,,61.412106,-54.66876,25.0,,,,,,,4902687,161
668,2026-05-22 16:03:01+00:00,,61.40602,-54.660027,25.0,1.09413743019104,35.52578353881836,7.692036888329312e-05,203.10757446289062,0.11941103637218475,1.5552082061767578,4902687,161
669,2026-05-27 06:05:31+00:00,,61.317726,-55.31967,15.0,,,,,,,4902687,162
670,2026-05-27 14:07:08+00:00,,60.961357,-55.397293,0.0,,,,,,,4902687,162
671,2026-05-27 15:40:27+00:00,,60.94932,-55.40948,0.0,,,,,,,4902687,162
672,2026-06-01 07:21:11+00:00,,61.20057,-56.810677,0.0,,,,,,,4902687,163
673,2026-06-01 13:44:28+00:00,,61.18885,-56.811386,0.0,,,,,,,4902687,163
674,2026-06-01 15:17:47+00:00,,61.19428,-56.804417,0.0,,,,,,,4902687,163
675,2026-06-01 16:56:06+00:00,,61.19057,-56.80337,0.0,,,,,,,4902687,163
676,2026-02-22 15:16:18+00:00,,60.238274,-55.53043,0.0,,,,,,,4902688,126
677,2026-02-22 16:54:37+00:00,,60.232716,-55.52484,0.0,,,,,,,4902688,126
678,2026-02-28 13:50:52+00:00,,60.01796,-55.294186,0.0,,,,,,,4902688,127
679,2026-02-28 15:29:12+00:00,,60.02186,-55.300632,0.0,,,,,,,4902688,127
680,2026-02-28 17:07:32+00:00,,60.022766,-55.251404,0.0,,,,,,,4902688,127
681,2026-03-06 15:42:10+00:00,,59.956898,-55.629604,0.0,,,,,,,4902688,128
682,2026-03-12 14:16:44+00:00,,59.88698,-56.538235,0.0,,,,,,,4902688,129
683,2026-03-12 15:55:03+00:00,,59.905712,-56.52873,0.0,,,,,,,4902688,129
684,2026-03-18 14:29:30+00:00,,59.938297,-56.400993,0.0,,,,,,,4902688,130
685,2026-03-18 16:07:50+00:00,,59.923702,-56.404316,0.0,,,,,,,4902688,130
686,2026-03-24 14:42:19+00:00,,59.60754,-56.11425,0.0,,,,,,,4902688,131
687,2026-03-24 16:15:38+00:00,,59.622612,-56.118435,0.0,,,,,,,4902688,131
688,2026-03-30 14:50:03+00:00,,59.35285,-56.13959,0.0,,,,,,,4902688,132
689,2026-03-30 16:28:22+00:00,,59.341686,-56.134758,0.0,,,,,,,4902688,132
690,2026-04-05 15:02:44+00:00,,59.148884,-56.325844,0.0,,,,,,,4902688,133
691,2026-04-05 16:41:04+00:00,,59.1476,-56.32534,0.0,,,,,,,4902688,133
692,2026-04-11 15:15:19+00:00,,59.124516,-56.870583,0.0,,,,,,,4902688,134
693,2026-04-11 16:53:38+00:00,,59.125965,-56.896854,0.0,,,,,,,4902688,134
694,2026-04-17 15:27:51+00:00,,59.136242,-57.20621,0.0,,,,,,,4902688,135
695,2026-04-17 17:06:11+00:00,,59.13243,-57.20074,0.0,,,,,,,4902688,135
696,2026-04-23 14:02:22+00:00,,59.07474,-57.149826,0.0,,,,,,,4902688,136
697,2026-04-23 15:40:41+00:00,,59.09088,-57.150936,0.0,,,,,,,4902688,136
698,2026-04-23 17:19:00+00:00,,59.08952,-57.15309,0.0,,,,,,,4902688,136
699,2026-04-29 14:14:57+00:00,,59.124886,-57.10803,0.0,,,,,,,4902688,137
700,2026-04-29 15:53:16+00:00,,59.09307,-57.130672,0.0,,,,,,,4902688,137
701,2026-05-05 14:27:27+00:00,,58.97806,-56.87789,0.0,,,,,,,4902688,138
702,2026-05-05 16:00:47+00:00,,58.601482,-56.845932,0.0,,,,,,,4902688,138
703,2026-05-11 14:39:54+00:00,,58.40605,-56.576523,0.0,,,,,,,4902688,139
704,2026-05-11 16:13:13+00:00,,58.40457,-56.57317,0.0,,,,,,,4902688,139
705,2026-05-17 14:49:17+00:00,,57.943954,-56.390694,0.0,,,,,,,4902688,140
706,2026-05-17 16:25:33+00:00,,57.95253,-56.38776,0.0,,,,,,,4902688,140
707,2026-05-23 14:59:31+00:00,,57.383068,-56.167683,0.0,,,,,,,4902688,141
708,2026-05-23 16:37:50+00:00,,57.380383,-56.190197,0.0,,,,,,,4902688,141
709,2026-05-29 15:11:44+00:00,,57.00691,-56.660416,0.0,,,,,,,4902688,142
710,2026-05-29 16:50:03+00:00,,57.006668,-56.68435,0.0,,,,,,,4902688,142
711,2026-02-27 13:15:57+00:00,,57.917862,-27.175592,0.0,,,,,,,4903488,104
712,2026-02-27 14:54:16+00:00,,57.930164,-27.1687,0.0,,,,,,,4903488,104
713,2026-03-09 12:31:57+00:00,,57.83659,-27.205332,0.0,,,,,,,4903488,105
714,2026-03-09 14:10:17+00:00,,57.850796,-27.193445,0.0,,,,,,,4903488,105
715,2026-03-19 13:26:05+00:00,,58.171944,-27.097942,0.0,,,,,,,4903488,106
716,2026-03-19 14:59:25+00:00,,58.169895,-27.072094,0.0,,,,,,,4903488,106
717,2026-03-29 12:36:51+00:00,,58.165646,-27.119072,0.0,,,,,,,4903488,107
718,2026-03-29 14:15:10+00:00,,58.15676,-27.118893,0.0,,,,,,,4903488,107
719,2026-04-08 15:09:02+00:00,,58.526173,-26.473866,0.0,,,,,,,4903488,108
720,2026-04-09 12:27:15+00:00,,58.526493,-26.466715,0.0,,,,,,,4903488,108
721,2026-04-09 14:05:35+00:00,,58.521004,-26.468971,1.0,0.12778867781162262,40.50395202636719,0.0001659989356994629,60.7998046875,0.014968731440603733,2.873643398284912,4903488,108
722,2026-04-19 13:20:55+00:00,,58.793915,-25.753368,0.0,,,,,,,4903488,109
723,2026-04-19 14:59:15+00:00,,58.79274,-25.756706,0.0,,,,,,,4903488,109
724,2026-04-29 12:36:38+00:00,,58.738396,-24.468483,0.0,,,,,,,4903488,110
725,2026-04-29 14:14:57+00:00,,58.746754,-24.461885,0.0,,,,,,,4903488,110
726,2026-05-09 13:25:12+00:00,,58.045727,-23.608112,0.0,,,,,,,4903488,111
727,2026-05-09 15:03:31+00:00,,58.044006,-23.597994,0.0,,,,,,,4903488,111
728,2026-05-19 12:40:15+00:00,,58.125687,-25.038193,25.0,0.22276653349399567,15.90246295928955,5.014081034460105e-05,61.55706024169922,0.020372632890939713,1.0950106382369995,4903488,112
729,2026-05-19 14:18:34+00:00,,58.11736,-25.042091,16.0,0.24554623663425446,13.47110652923584,3.9497390389442444e-05,64.14984130859375,0.01992145925760269,0.9831426739692688,4903488,112
730,2026-05-29 12:00:05+00:00,,58.185,-25.116577,0.0,,,,,,,4903488,113
731,2026-05-29 13:33:24+00:00,,58.186527,-25.126396,0.0,,,,,,,4903488,113
732,2026-05-29 15:11:44+00:00,,58.185024,-25.077663,0.0,,,,,,,4903488,113
733,2026-02-17 15:38:17+00:00,,58.451183,-57.030525,0.0,,,,,,,4903532,103
734,2026-02-17 17:16:37+00:00,,58.439983,-57.00082,0.0,,,,,,,4903532,103
735,2026-02-18 14:34:54+00:00,,58.45607,-57.015354,0.0,,,,,,,4903532,103
736,2026-02-27 14:54:16+00:00,,58.372234,-57.12649,0.0,,,,,,,4903532,104
737,2026-02-27 16:32:36+00:00,,58.38609,-57.134487,0.0,,,,,,,4903532,104
738,2026-03-09 15:48:36+00:00,,58.16351,-56.98674,0.0,,,,,,,4903532,105
739,2026-03-19 15:04:25+00:00,,57.861874,-56.662502,0.0,,,,,,,4903532,106
740,2026-03-19 16:37:44+00:00,,57.857952,-56.687023,0.0,,,,,,,4903532,106
741,2026-03-29 15:53:30+00:00,,57.56225,-56.531433,0.0,,,,,,,4903532,107
742,2026-03-30 14:50:03+00:00,,57.554375,-56.546017,0.0,,,,,,,4903532,107
743,2026-04-09 14:05:35+00:00,,57.26259,-56.241497,0.0,,,,,,,4903532,108
744,2026-04-09 15:43:54+00:00,,57.295444,-56.22495,0.0,,,,,,,4903532,108
745,2026-04-19 14:59:15+00:00,,57.586388,-55.98693,0.0,,,,,,,4903532,109
746,2026-04-19 16:37:34+00:00,,57.574226,-56.005142,0.0,,,,,,,4903532,109
747,2026-04-29 14:14:57+00:00,,57.48182,-55.333103,0.0,,,,,,,4903532,110
748,2026-04-29 15:53:16+00:00,,57.45821,-55.348797,0.0,,,,,,,4903532,110
749,2026-05-09 15:08:31+00:00,,57.748924,-55.640175,0.0,,,,,,,4903532,111
750,2026-05-09 16:41:51+00:00,,57.75994,-55.612133,0.0,,,,,,,4903532,111
751,2026-05-19 14:23:34+00:00,,57.97678,-57.06783,6.0,1.0975180864334106,30.578075408935547,3.349967300891876e-05,204.099853515625,0.41827815771102905,6.002161979675293,4903532,112
752,2026-05-19 15:56:54+00:00,,57.98075,-57.059906,25.0,6.232858180999756,87.9502182006836,1.3543462046072818e-05,641.5999755859375,2.6151328086853027,12.607760429382324,4903532,112
753,2026-05-29 07:15:08+00:00,,58.131264,-57.639954,25.0,,,,,,,4903532,113
754,2026-05-29 15:11:44+00:00,,58.14071,-57.647923,0.0,,,,,,,4903532,113
755,2026-05-29 16:50:03+00:00,,58.144985,-57.640984,0.0,,,,,,,4903532,113
756,2026-02-25 13:44:25+00:00,,51.30557,-24.942577,0.0,,,,,,,4903634,143
757,2026-03-07 12:55:26+00:00,,51.30811,-24.54154,0.0,,,,,,,4903634,144
758,2026-03-07 14:33:45+00:00,,51.30171,-24.565073,0.0,,,,,,,4903634,144
759,2026-03-16 13:14:41+00:00,,51.03027,-24.539215,0.0,,,,,,,4903634,145
760,2026-03-16 14:53:01+00:00,,51.01697,-24.553782,0.0,,,,,,,4903634,145
761,2026-03-26 12:30:28+00:00,,50.869663,-24.504213,0.0,,,,,,,4903634,146
762,2026-03-26 14:08:48+00:00,,50.899433,-24.481588,0.0,,,,,,,4903634,146
763,2026-04-04 12:49:32+00:00,,50.539528,-24.71243,0.0,,,,,,,4903634,147
764,2026-04-04 14:27:51+00:00,,50.55842,-24.704103,0.0,,,,,,,4903634,147
765,2026-04-13 13:08:24+00:00,,50.603897,-24.506775,0.0,,,,,,,4903634,148
766,2026-04-13 14:41:44+00:00,,50.595234,-24.523563,0.0,,,,,,,4903634,148
767,2026-04-22 13:22:28+00:00,,50.92152,-24.727207,0.0,,,,,,,4903634,149
768,2026-04-22 15:00:48+00:00,,50.91501,-24.724062,0.0,,,,,,,4903634,149
769,2026-05-02 12:37:55+00:00,,51.107853,-26.120779,25.0,0.761073887348175,50.307373046875,0.00020883232355117798,158.3665008544922,0.04010150954127312,1.4058605432510376,4903634,150
770,2026-05-02 14:16:14+00:00,,51.122665,-26.108898,25.0,0.5931581854820251,47.88260269165039,0.0002052919880952686,132.7293243408203,0.026098424568772316,1.1568126678466797,4903634,150
771,2026-05-11 12:56:34+00:00,,50.559307,-26.406565,0.0,,,,,,,4903634,151
772,2026-05-11 14:34:54+00:00,,50.575256,-26.398615,0.0,,,,,,,4903634,151
773,2026-05-20 13:15:04+00:00,,50.184967,-26.881598,0.0,,,,,,,4903634,152
774,2026-05-20 14:53:24+00:00,,50.183964,-26.890371,0.0,,,,,,,4903634,152
775,2026-05-29 13:33:24+00:00,,49.837273,-26.537102,0.0,,,,,,,4903634,153
776,2026-05-29 15:11:44+00:00,,49.83945,-26.51084,0.0,,,,,,,4903634,153
777,2026-02-20 14:06:26+00:00,,49.675423,-36.234188,0.0,,,,,,,4903913,21
778,2026-02-20 15:39:46+00:00,,49.665,-36.264053,0.0,,,,,,,4903913,21
779,2026-03-12 14:11:44+00:00,,49.733845,-35.28776,0.0,,,,,,,4903913,23
780,2026-03-12 15:50:03+00:00,,49.735046,-35.287792,0.0,,,,,,,4903913,23
781,2026-03-22 13:27:29+00:00,,49.74749,-34.904903,0.0,,,,,,,4903913,24
782,2026-03-22 15:05:48+00:00,,49.754017,-34.89649,0.0,,,,,,,4903913,24
783,2026-04-02 13:18:05+00:00,,49.485416,-34.10071,0.0,,,,,,,4903913,25
784,2026-04-12 14:06:52+00:00,,49.05606,-33.472946,0.0,,,,,,,4903913,26
785,2026-04-22 13:22:28+00:00,,48.60087,-32.974274,0.0,,,,,,,4903913,27
786,2026-04-22 15:00:48+00:00,,48.603737,-32.94943,0.0,,,,,,,4903913,27
787,2026-05-02 14:16:14+00:00,,48.422905,-32.545933,0.0,,,,,,,4903913,28
788,2026-05-12 13:31:24+00:00,,48.740257,-32.367886,23.0,0.5621595978736877,38.51960754394531,0.00016199753736145794,126.8116683959961,0.02889832854270935,1.2007722854614258,4903913,29
789,2026-05-12 15:09:44+00:00,,48.731434,-32.373795,24.0,0.4906282424926758,34.957489013671875,0.0001363311312161386,115.23320770263672,0.031276024878025055,1.2429697513580322,4903913,29
790,2026-05-22 14:24:42+00:00,,49.03928,-32.466705,0.0,,,,,,,4903913,30
791,2026-06-01 13:39:28+00:00,,49.057083,-32.53201,0.0,,,,,,,4903913,31
792,2026-06-01 15:17:47+00:00,,49.052258,-32.531616,0.0,,,,,,,4903913,31
793,2026-03-15 14:18:10+00:00,,45.32976,-41.325676,0.0,,,,,,,5906440,182
794,2026-03-15 15:56:29+00:00,,45.33193,-41.34783,0.0,,,,,,,5906440,182
795,2026-03-25 15:12:13+00:00,,46.014526,-39.9119,0.0,,,,,,,5906440,183
796,2026-04-04 14:27:51+00:00,,46.91125,-40.548996,0.0,,,,,,,5906440,184
797,2026-04-04 16:01:11+00:00,,46.919716,-40.51895,0.0,,,,,,,5906440,184
798,2026-04-14 15:16:36+00:00,,46.45323,-41.537487,0.0,,,,,,,5906440,185
799,2026-04-24 14:32:15+00:00,,45.188858,-40.29755,0.0,,,,,,,5906440,186
800,2026-04-24 16:10:34+00:00,,45.18628,-40.30217,0.0,,,,,,,5906440,186
801,2026-03-07 09:48:46+00:00,,68.28949,-0.65110546,0.0,,,,,,,5907193,60
802,2026-03-07 11:22:06+00:00,,68.28721,-0.65930355,0.0,,,,,,,5907193,60
803,2026-03-07 13:00:26+00:00,,68.286865,-0.6564556,0.0,,,,,,,5907193,60
804,2026-03-12 09:26:45+00:00,,68.84372,-1.3775889,0.0,,,,,,,5907193,61
805,2026-03-12 11:00:04+00:00,,68.83011,-1.3770883,0.0,,,,,,,5907193,61
806,2026-03-12 12:38:24+00:00,,68.848526,-1.3589497,0.0,,,,,,,5907193,61
807,2026-03-17 09:04:37+00:00,,69.03418,-2.1101484,0.0,,,,,,,5907193,62
808,2026-03-17 10:37:57+00:00,,69.01116,-2.0939143,0.0,,,,,,,5907193,62
809,2026-03-17 12:16:16+00:00,,69.00474,-2.1126106,0.0,,,,,,,5907193,62
810,2026-03-17 13:54:36+00:00,,69.031876,-2.1649456,0.0,,,,,,,5907193,62
811,2026-03-22 11:54:09+00:00,,68.90865,-2.865656,0.0,,,,,,,5907193,63
812,2026-03-22 13:32:29+00:00,,68.92742,-2.9121602,0.0,,,,,,,5907193,63
813,2026-03-23 09:12:26+00:00,,68.9058,-2.8591192,0.0,,,,,,,5907193,63
814,2026-03-23 10:50:45+00:00,,68.9178,-2.8650887,0.0,,,,,,,5907193,63
815,2026-03-28 05:38:38+00:00,,68.63563,-3.7747293,25.0,,,,,,,5907193,64
816,2026-03-28 08:50:17+00:00,,68.59611,-3.7895424,0.0,,,,,,,5907193,64
817,2026-03-28 10:28:37+00:00,,68.626526,-3.7664733,0.0,,,,,,,5907193,64
818,2026-03-28 12:06:57+00:00,,68.62139,-3.780535,0.0,,,,,,,5907193,64
819,2026-03-28 13:45:16+00:00,,68.63962,-3.8252332,0.0,,,,,,,5907193,64
820,2026-04-02 08:28:06+00:00,,68.46316,-4.3706903,0.0,,,,,,,5907193,65
821,2026-04-02 10:06:26+00:00,,68.49266,-4.3810396,0.0,,,,,,,5907193,65
822,2026-04-02 11:44:45+00:00,,68.48495,-4.366478,0.0,,,,,,,5907193,65
823,2026-04-02 13:23:05+00:00,,68.49648,-4.356009,0.0,,,,,,,5907193,65
824,2026-04-07 09:44:11+00:00,,68.47504,-4.7932506,0.0,,,,,,,5907193,66
825,2026-04-07 11:22:30+00:00,,68.49766,-4.79119,0.0,,,,,,,5907193,66
826,2026-04-07 13:00:50+00:00,,68.487564,-4.8034496,0.0,,,,,,,5907193,66
827,2026-04-12 04:31:55+00:00,,68.590645,-4.957174,15.0,,,,,,,5907193,67
828,2026-04-12 09:21:53+00:00,,68.49863,-5.0393734,0.0,,,,,,,5907193,67
829,2026-04-12 11:00:13+00:00,,68.493935,-5.036154,0.0,,,,,,,5907193,67
830,2026-04-12 12:33:32+00:00,,68.500626,-5.0450935,0.0,,,,,,,5907193,67
831,2026-04-17 04:09:35+00:00,,68.78098,-4.9551444,15.0,,,,,,,5907193,68
832,2026-04-17 08:59:34+00:00,,68.51215,-5.0388026,0.0,,,,,,,5907193,68
833,2026-04-17 10:37:53+00:00,,68.52356,-5.0370626,0.0,,,,,,,5907193,68
834,2026-04-17 12:11:13+00:00,,68.51849,-5.0452747,0.0,,,,,,,5907193,68
835,2026-04-17 13:49:32+00:00,,68.53157,-5.051831,0.0,,,,,,,5907193,68
836,2026-04-22 03:47:31+00:00,,68.54286,-4.9546514,25.0,,,,,,,5907193,69
837,2026-04-22 08:37:30+00:00,,68.508675,-4.940796,0.0,,,,,,,5907193,69
838,2026-04-22 10:15:49+00:00,,68.539825,-4.941801,0.0,,,,,,,5907193,69
839,2026-04-22 11:49:09+00:00,,68.5489,-4.947535,0.0,,,,,,,5907193,69
840,2026-04-22 13:27:28+00:00,,68.53454,-4.9214387,0.0,,,,,,,5907193,69
841,2026-04-27 09:53:33+00:00,,68.428604,-5.2197347,0.0,,,,,,,5907193,70
842,2026-04-27 11:26:53+00:00,,68.420654,-5.2162786,0.0,,,,,,,5907193,70
843,2026-04-27 13:05:12+00:00,,68.429214,-5.2174344,0.0,,,,,,,5907193,70
844,2026-04-28 04:00:08+00:00,,68.43967,-5.2182283,25.0,,,,,,,5907193,70
845,2026-05-02 09:31:16+00:00,,68.32376,-5.5065565,0.0,,,,,,,5907193,71
846,2026-05-02 11:04:35+00:00,,68.35279,-5.4927692,0.0,,,,,,,5907193,71
847,2026-05-02 12:42:55+00:00,,68.34266,-5.486494,0.0,,,,,,,5907193,71
848,2026-05-03 03:37:50+00:00,,68.35636,-5.490274,25.0,,,,,,,5907193,71
849,2026-05-03 05:16:09+00:00,,68.33924,-5.504959,0.0,,,,,,,5907193,71
850,2026-05-07 09:08:52+00:00,,68.189545,-5.5573654,0.0,,,,,,,5907193,72
851,2026-05-07 10:42:11+00:00,,68.176674,-5.563565,22.0,0.277188241481781,17.656248092651367,5.642697215080261e-05,77.38560485839844,0.02831563539803028,1.0792224407196045,5907193,72
852,2026-05-07 12:20:31+00:00,,68.1824,-5.558137,25.0,0.3335101902484894,18.145763397216797,5.239794700173661e-05,89.55989837646484,0.050576865673065186,1.0420149564743042,5907193,72
853,2026-05-07 13:58:50+00:00,,68.1688,-5.5129204,0.0,,,,,,,5907193,72
854,2026-05-08 01:37:06+00:00,,68.165985,-5.5638237,25.0,,,,,,,5907193,72
855,2026-05-08 03:15:25+00:00,,68.17422,-5.558274,25.0,,,,,,,5907193,72
856,2026-05-08 04:53:45+00:00,,68.176865,-5.561053,0.0,,,,,,,5907193,72
857,2026-05-12 11:58:05+00:00,,67.936676,-5.559,0.0,,,,,,,5907193,73
858,2026-05-12 13:36:24+00:00,,67.93945,-5.5260987,0.0,,,,,,,5907193,73
859,2026-05-13 01:14:40+00:00,,67.93834,-5.5360227,25.0,,,,,,,5907193,73
860,2026-05-13 02:52:59+00:00,,67.93835,-5.555897,25.0,,,,,,,5907193,73
861,2026-05-13 04:31:18+00:00,,67.95663,-5.5474563,0.0,,,,,,,5907193,73
862,2026-05-13 09:16:17+00:00,,67.92868,-5.557023,0.0,,,,,,,5907193,73
863,2026-05-13 10:54:36+00:00,,67.94261,-5.5558515,25.0,0.5067577362060547,19.51167869567871,5.6585846323287115e-05,118.57640075683594,0.06601109355688095,0.8226989507675171,5907193,73
864,2026-05-18 00:52:11+00:00,,67.67649,-5.7095704,25.0,,,,,,,5907193,74
865,2026-05-18 02:30:30+00:00,,67.68537,-5.69359,25.0,,,,,,,5907193,74
866,2026-05-18 04:08:49+00:00,,67.6903,-5.710911,0.0,,,,,,,5907193,74
867,2026-05-18 08:53:47+00:00,,67.70062,-5.697636,0.0,,,,,,,5907193,74
868,2026-05-18 10:32:07+00:00,,67.69165,-5.683021,0.0,,,,,,,5907193,74
869,2026-05-18 12:10:26+00:00,,67.68229,-5.6938944,0.0,,,,,,,5907193,74
870,2026-05-23 00:29:38+00:00,,67.555466,-5.840928,25.0,,,,,,,5907193,75
871,2026-05-23 02:07:57+00:00,,67.5574,-5.849694,25.0,,,,,,,5907193,75
872,2026-05-23 03:46:16+00:00,,67.543945,-5.8386025,0.0,,,,,,,5907193,75
873,2026-05-23 05:24:35+00:00,,67.55377,-5.854934,0.0,,,,,,,5907193,75
874,2026-05-23 10:09:33+00:00,,67.54529,-5.838023,0.0,,,,,,,5907193,75
875,2026-05-23 11:47:52+00:00,,67.5494,-5.839082,0.0,,,,,,,5907193,75
876,2026-05-23 13:26:11+00:00,,67.56063,-5.8339705,0.0,,,,,,,5907193,75
877,2026-05-28 01:45:22+00:00,,67.42109,-5.900495,25.0,,,,,,,5907193,76
878,2026-05-28 03:23:41+00:00,,67.43369,-5.902737,0.0,,,,,,,5907193,76
879,2026-05-28 05:02:00+00:00,,67.423325,-5.9036574,0.0,,,,,,,5907193,76
880,2026-05-28 09:46:58+00:00,,67.45242,-5.9039845,0.0,,,,,,,5907193,76
881,2026-05-28 11:25:17+00:00,,67.430115,-5.9093504,0.0,,,,,,,5907193,76
882,2026-05-28 13:03:37+00:00,,67.43799,-5.8855643,0.0,,,,,,,5907193,76
883,2026-02-19 11:53:10+00:00,,45.32132,-7.534727,0.0,,,,,,,6904183,195
884,2026-02-19 13:26:30+00:00,,45.33295,-7.531662,0.0,,,,,,,6904183,195
885,2026-02-28 13:45:52+00:00,,45.22951,-7.6090703,0.0,,,,,,,6904183,196
886,2026-03-11 11:58:29+00:00,,45.16049,-7.8129396,6.0,0.824942409992218,8.334798812866211,9.196996870741714e-06,167.35986328125,0.21658654510974884,1.6934322118759155,6904183,197
887,2026-03-11 13:36:48+00:00,,45.154587,-7.8455486,0.0,,,,,,,6904183,197
888,2026-03-31 12:08:18+00:00,,45.677864,-8.081329,0.0,,,,,,,6904183,199
889,2026-03-31 13:41:37+00:00,,45.681416,-8.091553,0.0,,,,,,,6904183,199
890,2026-04-10 12:57:07+00:00,,45.859413,-8.24625,0.0,,,,,,,6904183,200
891,2026-04-20 12:12:42+00:00,,45.767735,-8.3795805,0.0,,,,,,,6904183,201
892,2026-04-20 13:51:01+00:00,,45.76153,-8.383149,0.0,,,,,,,6904183,201
893,2026-05-10 12:21:43+00:00,,45.179676,-9.2109165,0.0,,,,,,,6904183,203
894,2026-05-10 14:00:03+00:00,,45.18362,-9.18866,0.0,,,,,,,6904183,203
895,2026-05-20 13:15:04+00:00,,45.07841,-9.624916,15.0,0.19716915488243103,37.908119201660156,0.00016149785369634628,71.2999267578125,0.016120199114084244,1.6955753564834595,6904183,204
896,2026-02-25 13:39:25+00:00,,48.713074,-16.904928,0.0,,,,,,,6990580,107
897,2026-03-07 12:55:26+00:00,,47.93819,-16.841698,0.0,,,,,,,6990580,108
898,2026-03-07 14:33:45+00:00,,47.939857,-16.83687,0.0,,,,,,,6990580,108
899,2026-03-17 12:11:16+00:00,,47.670933,-16.748192,0.0,,,,,,,6990580,109
900,2026-03-17 13:49:36+00:00,,47.67226,-16.74527,0.0,,,,,,,6990580,109
901,2026-03-26 14:08:48+00:00,,47.389782,-17.801369,0.0,,,,,,,6990580,110
902,2026-04-05 13:19:25+00:00,,47.31335,-18.576658,0.0,,,,,,,6990580,111
903,2026-04-15 12:34:49+00:00,,47.555496,-18.830082,0.0,,,,,,,6990580,112
904,2026-04-15 14:13:08+00:00,,47.539284,-18.848007,0.0,,,,,,,6990580,112
905,2026-04-25 13:28:48+00:00,,47.471,-19.266787,0.0,,,,,,,6990580,113
906,2026-05-05 12:44:08+00:00,,47.50881,-19.710564,0.0,,,,,,,6990580,114
907,2026-05-05 14:22:27+00:00,,47.496155,-19.709486,0.0,,,,,,,6990580,114
908,2026-05-14 13:02:45+00:00,,47.4419,-20.573023,0.0,,,,,,,6990580,115
909,2026-05-14 14:41:04+00:00,,47.437862,-20.586811,0.0,,,,,,,6990580,115
910,2026-05-24 13:56:00+00:00,,47.139175,-21.221266,0.0,,,,,,,6990580,116
911,2026-02-18 12:56:34+00:00,,62.359665,-32.85288,0.0,,,,,,,6990636,76
912,2026-02-18 14:34:54+00:00,,62.35406,-32.856678,0.0,,,,,,,6990636,76
913,2026-02-28 12:12:33+00:00,,62.15925,-32.796284,0.0,,,,,,,6990636,77
914,2026-02-28 13:50:52+00:00,,62.169537,-32.7837,0.0,,,,,,,6990636,77
915,2026-02-28 15:29:12+00:00,,62.171604,-32.809948,0.0,,,,,,,6990636,77
916,2026-03-10 13:06:53+00:00,,62.063885,-32.214447,0.0,,,,,,,6990636,78
917,2026-03-10 14:45:12+00:00,,62.06443,-32.209084,0.0,,,,,,,6990636,78
918,2026-03-30 13:16:43+00:00,,62.422783,-31.12334,0.0,,,,,,,6990636,80
919,2026-03-30 14:50:03+00:00,,62.42269,-31.117867,0.0,,,,,,,6990636,80
920,2026-04-09 12:27:15+00:00,,62.417835,-30.617558,0.0,,,,,,,6990636,81
921,2026-04-09 14:05:35+00:00,,62.435738,-30.621487,0.0,,,,,,,6990636,81
922,2026-04-19 11:47:36+00:00,,62.955284,-30.580221,0.0,,,,,,,6990636,82
923,2026-04-19 13:20:55+00:00,,62.925983,-30.589502,0.0,,,,,,,6990636,82
924,2026-04-19 14:59:15+00:00,,62.91794,-30.603851,0.0,,,,,,,6990636,82
925,2026-04-29 12:36:38+00:00,,63.41634,-29.910282,0.0,,,,,,,6990636,83
926,2026-04-29 14:14:57+00:00,,63.426884,-29.903107,0.0,,,,,,,6990636,83
927,2026-05-09 05:28:35+00:00,,62.87776,-30.082613,25.0,,,,,,,6990636,84
928,2026-05-09 11:51:53+00:00,,62.913383,-30.08648,0.0,,,,,,,6990636,84
929,2026-05-09 13:30:12+00:00,,62.906986,-30.08946,0.0,,,,,,,6990636,84
930,2026-05-09 15:08:31+00:00,,62.89942,-30.064537,0.0,,,,,,,6990636,84
931,2026-05-19 04:43:39+00:00,,62.565807,-30.837154,25.0,,,,,,,6990636,85
932,2026-05-19 12:45:15+00:00,,62.573227,-30.854988,0.0,,,,,,,6990636,85
933,2026-05-19 14:18:34+00:00,,62.182064,-30.790722,0.0,,,,,,,6990636,85
934,2026-05-29 03:58:29+00:00,,62.76641,-31.689262,25.0,,,,,,,6990636,86
935,2026-05-29 05:36:48+00:00,,62.76264,-31.687105,0.0,,,,,,,6990636,86
936,2026-05-29 12:00:05+00:00,,62.792065,-31.677597,0.0,,,,,,,6990636,86
937,2026-05-29 13:38:24+00:00,,62.76582,-31.685709,0.0,,,,,,,6990636,86
938,2026-05-29 15:11:44+00:00,,62.764164,-31.713076,0.0,,,,,,,6990636,86
939,2026-02-26 14:19:21+00:00,,57.880318,-46.36245,0.0,,,,,,,6990668,134
940,2026-02-26 15:57:41+00:00,,57.89226,-46.366306,0.0,,,,,,,6990668,134
941,2026-03-08 13:35:21+00:00,,57.643974,-45.497684,0.0,,,,,,,6990668,135
942,2026-03-08 15:13:41+00:00,,57.65664,-45.487827,0.0,,,,,,,6990668,135
943,2026-03-18 14:29:30+00:00,,57.952675,-43.746166,0.0,,,,,,,6990668,136
944,2026-03-18 16:02:50+00:00,,57.956295,-43.718494,0.0,,,,,,,6990668,136
945,2026-03-28 13:40:16+00:00,,58.451443,-42.27576,0.0,,,,,,,6990668,137
946,2026-03-28 15:18:36+00:00,,58.456207,-42.262936,0.0,,,,,,,6990668,137
947,2026-04-07 14:34:09+00:00,,58.49886,-43.558228,0.0,,,,,,,6990668,138
948,2026-04-07 16:12:29+00:00,,58.489174,-43.52935,0.0,,,,,,,6990668,138
949,2026-04-17 13:49:32+00:00,,58.612568,-45.0501,0.0,,,,,,,6990668,139
950,2026-04-17 15:27:51+00:00,,58.609116,-45.057663,0.0,,,,,,,6990668,139
951,2026-04-27 14:43:32+00:00,,59.404774,-45.386402,0.0,,,,,,,6990668,140
952,2026-04-27 16:21:51+00:00,,59.39913,-45.35335,0.0,,,,,,,6990668,140
953,2026-05-07 13:58:50+00:00,,59.0016,-47.109707,0.0,,,,,,,6990668,141
954,2026-05-07 15:32:09+00:00,,59.019108,-47.090332,0.0,,,,,,,6990668,141
955,2026-05-17 14:49:17+00:00,,59.18995,-47.192127,0.0,,,,,,,6990668,142
956,2026-05-17 16:25:33+00:00,,59.184566,-47.23535,24.0,,,,,,,6990668,142
957,2026-05-27 06:05:31+00:00,,58.905216,-46.790524,25.0,,,,,,,6990668,143
958,2026-05-27 14:02:08+00:00,,58.938187,-46.799328,0.0,,,,,,,6990668,143
959,2026-05-27 15:40:27+00:00,,58.91598,-46.807644,0.0,,,,,,,6990668,143
960,2026-02-19 10:19:51+00:00,,63.696632,-7.4692864,0.0,,,,,,,7902203,126
961,2026-02-19 11:53:10+00:00,,63.71269,-7.461493,15.0,0.25553783774375916,19.213804244995117,6.224773824214935e-05,72.52490234375,0.035869091749191284,2.971386671066284,7902203,126
962,2026-02-19 13:31:30+00:00,,63.718857,-7.454654,0.0,,,,,,,7902203,126
963,2026-02-24 11:31:10+00:00,,63.617825,-7.0293674,0.0,,,,,,,7902203,127
964,2026-02-24 13:09:30+00:00,,63.61461,-7.0362964,0.0,,,,,,,7902203,127
965,2026-03-01 11:09:09+00:00,,63.282566,-6.7950745,0.0,,,,,,,7902203,128
966,2026-03-01 12:47:28+00:00,,63.26491,-6.8116684,0.0,,,,,,,7902203,128
967,2026-03-06 10:47:11+00:00,,62.99216,-6.245295,0.0,,,,,,,7902203,129
968,2026-03-06 12:25:30+00:00,,62.982788,-6.261359,0.0,,,,,,,7902203,129
969,2026-03-06 14:03:50+00:00,,63.008175,-6.393415,0.0,,,,,,,7902203,129
970,2026-03-11 10:25:09+00:00,,62.96834,-6.1208987,0.0,,,,,,,7902203,130
971,2026-03-11 12:03:29+00:00,,62.970333,-6.1282363,0.0,,,,,,,7902203,130
972,2026-03-11 13:41:48+00:00,,62.97685,-6.141967,0.0,,,,,,,7902203,130
973,2026-03-16 10:03:02+00:00,,62.84642,-5.166746,0.0,,,,,,,7902203,131
974,2026-03-16 11:41:22+00:00,,62.857975,-5.171859,17.0,0.22097459435462952,10.74307918548584,3.419741915422492e-05,55.139892578125,0.025078531354665756,1.210181474685669,7902203,131
975,2026-03-25 12:00:34+00:00,,62.743366,-3.5600445,0.0,,,,,,,7902203,133
976,2026-03-25 13:33:53+00:00,,62.740227,-3.5215194,0.0,,,,,,,7902203,133
977,2026-03-29 11:03:31+00:00,,62.61116,-3.539098,0.0,,,,,,,7902203,134
978,2026-03-29 12:36:51+00:00,,62.622177,-3.5359008,0.0,,,,,,,7902203,134
979,2026-03-30 10:00:04+00:00,,62.5823,-3.5360487,0.0,,,,,,,7902203,134
980,2026-04-02 10:06:26+00:00,,62.503525,-3.4863787,0.0,,,,,,,7902203,135
981,2026-04-02 11:39:45+00:00,,62.48325,-3.4965942,0.0,,,,,,,7902203,135
982,2026-04-02 13:18:05+00:00,,62.477257,-3.5256565,0.0,,,,,,,7902203,135
983,2026-04-06 10:47:38+00:00,,62.515205,-3.7380936,0.0,,,,,,,7902203,136
984,2026-04-06 12:20:57+00:00,,62.52631,-3.7291179,0.0,,,,,,,7902203,136
985,2026-04-10 11:23:48+00:00,,62.193356,-3.3151968,0.0,,,,,,,7902203,137
986,2026-04-10 13:02:07+00:00,,62.186848,-3.3085907,0.0,,,,,,,7902203,137
987,2026-04-14 12:04:57+00:00,,61.84855,-3.640059,2.0,0.21376973390579224,22.405582427978516,6.599724292755127e-05,65.0,0.020078100264072418,1.407348394393921,7902203,138
988,2026-04-14 13:43:16+00:00,,61.84752,-3.5916717,0.0,,,,,,,7902203,138
989,2026-04-15 11:01:29+00:00,,61.831856,-3.6484046,0.0,,,,,,,7902203,138
990,2026-04-19 11:42:36+00:00,,61.914047,-3.5821776,0.0,,,,,,,7902203,139
991,2026-04-19 13:20:55+00:00,,61.903408,-3.6112382,0.0,,,,,,,7902203,139
992,2026-04-20 10:39:22+00:00,,61.92894,-3.581979,0.0,,,,,,,7902203,139
993,2026-04-24 11:20:36+00:00,,61.63919,-3.9439995,0.0,,,,,,,7902203,140
994,2026-04-28 13:40:05+00:00,,61.463005,-4.3337355,0.0,,,,,,,7902203,141
995,2026-04-29 10:58:18+00:00,,61.4708,-4.287131,0.0,,,,,,,7902203,141
996,2026-04-29 12:36:38+00:00,,61.469734,-4.2743526,0.0,,,,,,,7902203,141
997,2026-05-04 10:35:58+00:00,,61.469055,-3.8552537,0.0,,,,,,,7902203,142
998,2026-05-04 12:14:17+00:00,,61.47437,-3.8524435,0.0,,,,,,,7902203,142
999,2026-05-09 03:50:16+00:00,,61.50988,-4.1615424,25.0,,,,,,,7902203,143
1000,2026-05-09 10:13:34+00:00,,61.48352,-4.159809,0.0,,,,,,,7902203,143
1001,2026-05-09 11:51:53+00:00,,61.49847,-4.164812,0.0,,,,,,,7902203,143
1002,2026-05-14 03:27:49+00:00,,61.15617,-3.8040373,25.0,,,,,,,7902203,144
1003,2026-05-14 11:29:26+00:00,,61.167503,-3.8180065,0.0,,,,,,,7902203,144
1004,2026-05-14 13:02:45+00:00,,61.169624,-3.8084078,0.0,,,,,,,7902203,144
1005,2026-05-18 13:43:45+00:00,,61.207123,-4.1988363,0.0,,,,,,,7902203,145
1006,2026-05-19 03:05:20+00:00,,61.45619,-4.1695395,15.0,,,,,,,7902203,145
1007,2026-05-19 11:06:56+00:00,,61.19677,-4.238242,0.0,,,,,,,7902203,145
1008,2026-05-19 12:40:15+00:00,,61.203,-4.233961,0.0,,,,,,,7902203,145
1009,2026-05-24 10:44:22+00:00,,61.18486,-3.5487907,0.0,,,,,,,7902203,146
1010,2026-05-24 12:17:41+00:00,,61.17172,-3.555023,0.0,,,,,,,7902203,146
1011,2026-05-28 12:58:37+00:00,,60.81507,-4.2543387,25.0,2.045423984527588,41.650794982910156,7.21154865459539e-05,310.35284423828125,0.2773091793060303,3.4212284088134766,7902203,147
1012,2026-05-29 03:58:29+00:00,,60.78428,-4.238743,0.0,,,,,,,7902203,147
1013,2026-05-29 10:21:46+00:00,,60.77901,-4.261608,0.0,,,,,,,7902203,147
1014,2026-05-29 11:55:05+00:00,,60.806305,-4.254632,0.0,,,,,,,7902203,147
1015,2026-02-24 11:36:10+00:00,,63.218037,-29.36329,0.0,,,,,,,7902223,64
1016,2026-02-24 13:09:30+00:00,,63.2169,-29.359354,0.0,,,,,,,7902223,64
1017,2026-02-24 14:47:49+00:00,,63.219692,-29.357462,0.0,,,,,,,7902223,64
1018,2026-03-06 12:25:30+00:00,,63.35675,-29.429619,0.0,,,,,,,7902223,65
1019,2026-03-06 14:03:50+00:00,,63.34089,-29.453255,0.0,,,,,,,7902223,65
1020,2026-03-16 11:41:22+00:00,,63.25668,-29.941988,0.0,,,,,,,7902223,66
1021,2026-03-16 13:19:41+00:00,,63.226322,-29.960415,0.0,,,,,,,7902223,66
1022,2026-03-16 14:58:01+00:00,,63.229473,-29.934319,0.0,,,,,,,7902223,66
1023,2026-03-26 12:35:28+00:00,,63.458534,-29.95842,0.0,,,,,,,7902223,67
1024,2026-03-26 14:13:48+00:00,,63.444412,-29.965796,0.0,,,,,,,7902223,67
1025,2026-04-05 11:51:05+00:00,,63.81314,-30.145031,0.0,,,,,,,7902223,68
1026,2026-04-05 13:24:25+00:00,,63.807194,-30.145617,0.0,,,,,,,7902223,68
1027,2026-04-05 15:02:44+00:00,,63.813496,-30.127975,0.0,,,,,,,7902223,68
1028,2026-04-15 12:39:49+00:00,,63.56985,-30.415821,0.0,,,,,,,7902223,69
1029,2026-04-15 14:18:08+00:00,,63.578026,-30.398066,0.0,,,,,,,7902223,69
1030,2026-04-25 11:55:29+00:00,,63.363846,-29.659039,0.0,,,,,,,7902223,70
1031,2026-04-25 13:33:48+00:00,,63.36625,-29.666054,0.0,,,,,,,7902223,70
1032,2026-04-25 15:12:08+00:00,,63.369305,-29.64686,0.0,,,,,,,7902223,70
1033,2026-05-05 12:49:08+00:00,,62.96382,-30.04151,0.0,,,,,,,7902223,71
1034,2026-05-05 14:27:27+00:00,,62.97417,-30.025105,0.0,,,,,,,7902223,71
1035,2026-05-15 05:40:58+00:00,,62.46537,-30.28289,0.0,,,,,,,7902223,72
1036,2026-05-15 12:04:16+00:00,,62.496624,-30.281631,0.0,,,,,,,7902223,72
1037,2026-05-15 13:42:35+00:00,,62.47216,-30.287832,4.0,0.18095305562019348,36.30472946166992,0.00013599544763565063,68.60009765625,0.018105698749423027,2.0959765911102295,7902223,72
1038,2026-05-15 15:15:54+00:00,,62.468395,-30.260357,0.0,,,,,,,7902223,72
1039,2026-05-25 04:55:55+00:00,,62.283764,-30.647423,25.0,,,,,,,7902223,73
1040,2026-05-25 12:57:31+00:00,,62.28111,-30.635925,1.0,1.5200191736221313,54.762046813964844,0.00012999773025512695,254.60009765625,0.3880262076854706,6.913980007171631,7902223,73
1041,2026-05-25 14:30:50+00:00,,62.2747,-30.63971,5.0,4.473028182983398,94.03821563720703,0.00013933081936556846,519.3333129882812,2.253493547439575,8.475446701049805,7902223,73
